ISO-10303-21;
HEADER;
/*Generated by software containing ST-Developer
 * from STEP Tools, Inc. (www.steptools.com) 
 */
/*OPTION: using custom renumber hook */
/*description */
/*implementation_level */
FILE_DESCRIPTION(('STEP AP242 Edition 2','STEP AP242 Edition 2''CAx-IF Rec.Pracs.---Representation and Presentation of Product Manufa
cturing Information (PMI)---4.0---2014-10-13','STEP AP242 Edition 2''CAx-IF Rec.Pracs.---Representation and Presentation of Product Manufa
cturing Information (PMI)---4.0---2014-10-13''CAx-IF Rec.Pracs.---3D Tessellated Geometry---0.4---2014-09-14','STEP AP242 Edition 2''CAx-IF Rec.Pracs.---Representation and Presentation of Product Manufa
cturing Information (PMI)---4.0---2014-10-13''CAx-IF Rec.Pracs.---3D Tessellated Geometry---0.4---2014-09-14''2;1','STEP AP242 Edition 2''CAx-IF Rec.Pracs.---Representation and Presentation of Product Manufa
cturing Information (PMI)---4.0---2014-10-13''CAx-IF Rec.Pracs.---3D Tessellated Geometry---0.4---2014-09-14''2;1''CAx-IF Rec.Pracs.---User Defined Attributes---1.5---2016-08-15'),'2;1');
/*name */
/*time_stamp */
/*author */
/*organization */
/*preprocessor_version */
/*originating_system */
/*authorisation */
FILE_NAME('/vol/tmp/translate-1090920911285519879/Beamsplitter direct mount iris - Baffle.step','2026-03-03T22:33:16',(''),(''),'ST-DEVELOPER v20','ONSHAPE BY PTC INC, 1.211','  ');
FILE_SCHEMA(('AP242_MANAGED_MODEL_BASED_3D_ENGINEERING_MIM_LF { 1 0 10303 442 3 1 4 }'));
ENDSEC;
DATA;
#10=SHAPE_REPRESENTATION_RELATIONSHIP('','',#1126,#11);
#11=ADVANCED_BREP_SHAPE_REPRESENTATION('',(#1124),#1828);
#12=CONICAL_SURFACE('',#1174,0.003,0.872664625997164);
#13=CONICAL_SURFACE('',#1177,0.003,0.872664625997165);
#14=CONICAL_SURFACE('',#1180,0.003,0.872664625997164);
#15=CONICAL_SURFACE('',#1183,0.003,0.872664625997165);
#16=CYLINDRICAL_SURFACE('',#1164,0.00725);
#17=CYLINDRICAL_SURFACE('',#1172,0.00145);
#18=CYLINDRICAL_SURFACE('',#1175,0.00145);
#19=CYLINDRICAL_SURFACE('',#1178,0.00145);
#20=CYLINDRICAL_SURFACE('',#1181,0.00145);
#21=CYLINDRICAL_SURFACE('',#1190,0.001);
#22=CYLINDRICAL_SURFACE('',#1192,0.001);
#23=CYLINDRICAL_SURFACE('',#1194,0.001);
#24=CYLINDRICAL_SURFACE('',#1196,0.001);
#25=CYLINDRICAL_SURFACE('',#1198,0.0025);
#26=CYLINDRICAL_SURFACE('',#1200,0.0025);
#27=CYLINDRICAL_SURFACE('',#1207,0.0025);
#28=CYLINDRICAL_SURFACE('',#1213,0.0025);
#29=CIRCLE('',#1131,0.0025);
#30=CIRCLE('',#1132,0.0025);
#31=CIRCLE('',#1133,0.0025);
#32=CIRCLE('',#1134,0.0025);
#33=CIRCLE('',#1136,0.0025);
#34=CIRCLE('',#1140,0.001);
#35=CIRCLE('',#1141,0.001);
#36=CIRCLE('',#1142,0.001);
#37=CIRCLE('',#1143,0.001);
#38=CIRCLE('',#1150,0.00145);
#39=CIRCLE('',#1151,0.00145);
#40=CIRCLE('',#1152,0.00145);
#41=CIRCLE('',#1153,0.00145);
#42=CIRCLE('',#1154,0.00725);
#43=CIRCLE('',#1155,0.0025);
#44=CIRCLE('',#1156,0.0025);
#45=CIRCLE('',#1165,0.00725);
#46=CIRCLE('',#1168,0.003);
#47=CIRCLE('',#1169,0.003);
#48=CIRCLE('',#1170,0.003);
#49=CIRCLE('',#1171,0.003);
#50=CIRCLE('',#1173,0.00145);
#51=CIRCLE('',#1176,0.00145);
#52=CIRCLE('',#1179,0.00145);
#53=CIRCLE('',#1182,0.00145);
#54=CIRCLE('',#1191,0.001);
#55=CIRCLE('',#1193,0.001);
#56=CIRCLE('',#1195,0.001);
#57=CIRCLE('',#1197,0.001);
#58=CIRCLE('',#1199,0.0025);
#59=CIRCLE('',#1201,0.0025);
#60=CIRCLE('',#1206,0.0025);
#61=CIRCLE('',#1211,0.0025);
#62=ORIENTED_EDGE('',*,*,#358,.T.);
#63=ORIENTED_EDGE('',*,*,#359,.F.);
#64=ORIENTED_EDGE('',*,*,#360,.F.);
#65=ORIENTED_EDGE('',*,*,#361,.T.);
#66=ORIENTED_EDGE('',*,*,#362,.F.);
#67=ORIENTED_EDGE('',*,*,#363,.F.);
#68=ORIENTED_EDGE('',*,*,#364,.F.);
#69=ORIENTED_EDGE('',*,*,#365,.T.);
#70=ORIENTED_EDGE('',*,*,#366,.T.);
#71=ORIENTED_EDGE('',*,*,#367,.T.);
#72=ORIENTED_EDGE('',*,*,#368,.T.);
#73=ORIENTED_EDGE('',*,*,#369,.F.);
#74=ORIENTED_EDGE('',*,*,#370,.F.);
#75=ORIENTED_EDGE('',*,*,#371,.T.);
#76=ORIENTED_EDGE('',*,*,#372,.F.);
#77=ORIENTED_EDGE('',*,*,#373,.F.);
#78=ORIENTED_EDGE('',*,*,#374,.F.);
#79=ORIENTED_EDGE('',*,*,#375,.F.);
#80=ORIENTED_EDGE('',*,*,#376,.F.);
#81=ORIENTED_EDGE('',*,*,#377,.F.);
#82=ORIENTED_EDGE('',*,*,#378,.T.);
#83=ORIENTED_EDGE('',*,*,#379,.T.);
#84=ORIENTED_EDGE('',*,*,#380,.F.);
#85=ORIENTED_EDGE('',*,*,#381,.T.);
#86=ORIENTED_EDGE('',*,*,#382,.F.);
#87=ORIENTED_EDGE('',*,*,#383,.F.);
#88=ORIENTED_EDGE('',*,*,#384,.T.);
#89=ORIENTED_EDGE('',*,*,#368,.F.);
#90=ORIENTED_EDGE('',*,*,#385,.F.);
#91=ORIENTED_EDGE('',*,*,#386,.F.);
#92=ORIENTED_EDGE('',*,*,#387,.T.);
#93=ORIENTED_EDGE('',*,*,#388,.F.);
#94=ORIENTED_EDGE('',*,*,#389,.F.);
#95=ORIENTED_EDGE('',*,*,#390,.T.);
#96=ORIENTED_EDGE('',*,*,#391,.T.);
#97=ORIENTED_EDGE('',*,*,#392,.F.);
#98=ORIENTED_EDGE('',*,*,#393,.F.);
#99=ORIENTED_EDGE('',*,*,#394,.F.);
#100=ORIENTED_EDGE('',*,*,#374,.T.);
#101=ORIENTED_EDGE('',*,*,#395,.T.);
#102=ORIENTED_EDGE('',*,*,#396,.F.);
#103=ORIENTED_EDGE('',*,*,#379,.F.);
#104=ORIENTED_EDGE('',*,*,#397,.T.);
#105=ORIENTED_EDGE('',*,*,#359,.T.);
#106=ORIENTED_EDGE('',*,*,#398,.F.);
#107=ORIENTED_EDGE('',*,*,#399,.T.);
#108=ORIENTED_EDGE('',*,*,#381,.F.);
#109=ORIENTED_EDGE('',*,*,#400,.F.);
#110=ORIENTED_EDGE('',*,*,#401,.T.);
#111=ORIENTED_EDGE('',*,*,#365,.F.);
#112=ORIENTED_EDGE('',*,*,#402,.F.);
#113=ORIENTED_EDGE('',*,*,#377,.T.);
#114=ORIENTED_EDGE('',*,*,#403,.T.);
#115=ORIENTED_EDGE('',*,*,#404,.T.);
#116=ORIENTED_EDGE('',*,*,#388,.T.);
#117=ORIENTED_EDGE('',*,*,#405,.F.);
#118=ORIENTED_EDGE('',*,*,#406,.F.);
#119=ORIENTED_EDGE('',*,*,#407,.F.);
#120=ORIENTED_EDGE('',*,*,#408,.F.);
#121=ORIENTED_EDGE('',*,*,#409,.F.);
#122=ORIENTED_EDGE('',*,*,#410,.F.);
#123=ORIENTED_EDGE('',*,*,#411,.T.);
#124=ORIENTED_EDGE('',*,*,#360,.T.);
#125=ORIENTED_EDGE('',*,*,#397,.F.);
#126=ORIENTED_EDGE('',*,*,#378,.F.);
#127=ORIENTED_EDGE('',*,*,#402,.T.);
#128=ORIENTED_EDGE('',*,*,#364,.T.);
#129=ORIENTED_EDGE('',*,*,#412,.F.);
#130=ORIENTED_EDGE('',*,*,#413,.F.);
#131=ORIENTED_EDGE('',*,*,#414,.T.);
#132=ORIENTED_EDGE('',*,*,#415,.F.);
#133=ORIENTED_EDGE('',*,*,#416,.F.);
#134=ORIENTED_EDGE('',*,*,#417,.T.);
#135=ORIENTED_EDGE('',*,*,#418,.F.);
#136=ORIENTED_EDGE('',*,*,#419,.T.);
#137=ORIENTED_EDGE('',*,*,#420,.T.);
#138=ORIENTED_EDGE('',*,*,#421,.F.);
#139=ORIENTED_EDGE('',*,*,#422,.T.);
#140=ORIENTED_EDGE('',*,*,#423,.T.);
#141=ORIENTED_EDGE('',*,*,#424,.F.);
#142=ORIENTED_EDGE('',*,*,#425,.F.);
#143=ORIENTED_EDGE('',*,*,#426,.F.);
#144=ORIENTED_EDGE('',*,*,#427,.T.);
#145=ORIENTED_EDGE('',*,*,#410,.T.);
#146=ORIENTED_EDGE('',*,*,#428,.T.);
#147=ORIENTED_EDGE('',*,*,#429,.F.);
#148=ORIENTED_EDGE('',*,*,#430,.F.);
#149=ORIENTED_EDGE('',*,*,#413,.T.);
#150=ORIENTED_EDGE('',*,*,#431,.F.);
#151=ORIENTED_EDGE('',*,*,#395,.F.);
#152=ORIENTED_EDGE('',*,*,#373,.T.);
#153=ORIENTED_EDGE('',*,*,#432,.T.);
#154=ORIENTED_EDGE('',*,*,#433,.F.);
#155=ORIENTED_EDGE('',*,*,#434,.T.);
#156=ORIENTED_EDGE('',*,*,#435,.F.);
#157=ORIENTED_EDGE('',*,*,#390,.F.);
#158=ORIENTED_EDGE('',*,*,#371,.F.);
#159=ORIENTED_EDGE('',*,*,#436,.T.);
#160=ORIENTED_EDGE('',*,*,#437,.T.);
#161=ORIENTED_EDGE('',*,*,#438,.F.);
#162=ORIENTED_EDGE('',*,*,#439,.F.);
#163=ORIENTED_EDGE('',*,*,#440,.T.);
#164=ORIENTED_EDGE('',*,*,#392,.T.);
#165=ORIENTED_EDGE('',*,*,#441,.T.);
#166=ORIENTED_EDGE('',*,*,#442,.F.);
#167=ORIENTED_EDGE('',*,*,#443,.F.);
#168=ORIENTED_EDGE('',*,*,#444,.F.);
#169=ORIENTED_EDGE('',*,*,#445,.F.);
#170=ORIENTED_EDGE('',*,*,#446,.T.);
#171=ORIENTED_EDGE('',*,*,#438,.T.);
#172=ORIENTED_EDGE('',*,*,#447,.T.);
#173=ORIENTED_EDGE('',*,*,#439,.T.);
#174=ORIENTED_EDGE('',*,*,#448,.F.);
#175=ORIENTED_EDGE('',*,*,#434,.F.);
#176=ORIENTED_EDGE('',*,*,#449,.T.);
#177=ORIENTED_EDGE('',*,*,#432,.F.);
#178=ORIENTED_EDGE('',*,*,#372,.T.);
#179=ORIENTED_EDGE('',*,*,#450,.F.);
#180=ORIENTED_EDGE('',*,*,#416,.T.);
#181=ORIENTED_EDGE('',*,*,#451,.T.);
#182=ORIENTED_EDGE('',*,*,#452,.F.);
#183=ORIENTED_EDGE('',*,*,#453,.F.);
#184=ORIENTED_EDGE('',*,*,#422,.F.);
#185=ORIENTED_EDGE('',*,*,#454,.T.);
#186=ORIENTED_EDGE('',*,*,#455,.T.);
#187=ORIENTED_EDGE('',*,*,#456,.F.);
#188=ORIENTED_EDGE('',*,*,#419,.F.);
#189=ORIENTED_EDGE('',*,*,#457,.T.);
#190=ORIENTED_EDGE('',*,*,#458,.T.);
#191=ORIENTED_EDGE('',*,*,#459,.F.);
#192=ORIENTED_EDGE('',*,*,#460,.T.);
#193=ORIENTED_EDGE('',*,*,#455,.F.);
#194=ORIENTED_EDGE('',*,*,#461,.F.);
#195=ORIENTED_EDGE('',*,*,#462,.T.);
#196=ORIENTED_EDGE('',*,*,#463,.F.);
#197=ORIENTED_EDGE('',*,*,#464,.F.);
#198=ORIENTED_EDGE('',*,*,#465,.T.);
#199=ORIENTED_EDGE('',*,*,#452,.T.);
#200=ORIENTED_EDGE('',*,*,#466,.F.);
#201=ORIENTED_EDGE('',*,*,#467,.T.);
#202=ORIENTED_EDGE('',*,*,#429,.T.);
#203=ORIENTED_EDGE('',*,*,#468,.T.);
#204=ORIENTED_EDGE('',*,*,#464,.T.);
#205=ORIENTED_EDGE('',*,*,#469,.T.);
#206=ORIENTED_EDGE('',*,*,#470,.F.);
#207=ORIENTED_EDGE('',*,*,#457,.F.);
#208=ORIENTED_EDGE('',*,*,#418,.T.);
#209=ORIENTED_EDGE('',*,*,#469,.F.);
#210=ORIENTED_EDGE('',*,*,#463,.T.);
#211=ORIENTED_EDGE('',*,*,#471,.T.);
#212=ORIENTED_EDGE('',*,*,#472,.F.);
#213=ORIENTED_EDGE('',*,*,#456,.T.);
#214=ORIENTED_EDGE('',*,*,#473,.T.);
#215=ORIENTED_EDGE('',*,*,#471,.F.);
#216=ORIENTED_EDGE('',*,*,#462,.F.);
#217=ORIENTED_EDGE('',*,*,#474,.F.);
#218=ORIENTED_EDGE('',*,*,#420,.F.);
#219=ORIENTED_EDGE('',*,*,#446,.F.);
#220=ORIENTED_EDGE('',*,*,#475,.T.);
#221=ORIENTED_EDGE('',*,*,#448,.T.);
#222=ORIENTED_EDGE('',*,*,#441,.F.);
#223=ORIENTED_EDGE('',*,*,#391,.F.);
#224=ORIENTED_EDGE('',*,*,#435,.T.);
#225=ORIENTED_EDGE('',*,*,#476,.T.);
#226=ORIENTED_EDGE('',*,*,#477,.T.);
#227=ORIENTED_EDGE('',*,*,#478,.T.);
#228=ORIENTED_EDGE('',*,*,#479,.T.);
#229=ORIENTED_EDGE('',*,*,#475,.F.);
#230=ORIENTED_EDGE('',*,*,#458,.F.);
#231=ORIENTED_EDGE('',*,*,#470,.T.);
#232=ORIENTED_EDGE('',*,*,#472,.T.);
#233=ORIENTED_EDGE('',*,*,#473,.F.);
#234=ORIENTED_EDGE('',*,*,#480,.F.);
#235=ORIENTED_EDGE('',*,*,#445,.T.);
#236=ORIENTED_EDGE('',*,*,#480,.T.);
#237=ORIENTED_EDGE('',*,*,#479,.F.);
#238=ORIENTED_EDGE('',*,*,#481,.F.);
#239=ORIENTED_EDGE('',*,*,#444,.T.);
#240=ORIENTED_EDGE('',*,*,#481,.T.);
#241=ORIENTED_EDGE('',*,*,#478,.F.);
#242=ORIENTED_EDGE('',*,*,#482,.F.);
#243=ORIENTED_EDGE('',*,*,#443,.T.);
#244=ORIENTED_EDGE('',*,*,#482,.T.);
#245=ORIENTED_EDGE('',*,*,#477,.F.);
#246=ORIENTED_EDGE('',*,*,#483,.F.);
#247=ORIENTED_EDGE('',*,*,#442,.T.);
#248=ORIENTED_EDGE('',*,*,#483,.T.);
#249=ORIENTED_EDGE('',*,*,#476,.F.);
#250=ORIENTED_EDGE('',*,*,#467,.F.);
#251=ORIENTED_EDGE('',*,*,#484,.F.);
#252=ORIENTED_EDGE('',*,*,#414,.F.);
#253=ORIENTED_EDGE('',*,*,#430,.T.);
#254=ORIENTED_EDGE('',*,*,#484,.T.);
#255=ORIENTED_EDGE('',*,*,#466,.T.);
#256=ORIENTED_EDGE('',*,*,#451,.F.);
#257=ORIENTED_EDGE('',*,*,#415,.T.);
#258=ORIENTED_EDGE('',*,*,#465,.F.);
#259=ORIENTED_EDGE('',*,*,#468,.F.);
#260=ORIENTED_EDGE('',*,*,#417,.F.);
#261=ORIENTED_EDGE('',*,*,#450,.T.);
#262=ORIENTED_EDGE('',*,*,#474,.T.);
#263=ORIENTED_EDGE('',*,*,#461,.T.);
#264=ORIENTED_EDGE('',*,*,#454,.F.);
#265=ORIENTED_EDGE('',*,*,#421,.T.);
#266=ORIENTED_EDGE('',*,*,#460,.F.);
#267=ORIENTED_EDGE('',*,*,#485,.F.);
#268=ORIENTED_EDGE('',*,*,#423,.F.);
#269=ORIENTED_EDGE('',*,*,#453,.T.);
#270=ORIENTED_EDGE('',*,*,#485,.T.);
#271=ORIENTED_EDGE('',*,*,#459,.T.);
#272=ORIENTED_EDGE('',*,*,#428,.F.);
#273=ORIENTED_EDGE('',*,*,#424,.T.);
#274=ORIENTED_EDGE('',*,*,#486,.T.);
#275=ORIENTED_EDGE('',*,*,#409,.T.);
#276=ORIENTED_EDGE('',*,*,#487,.T.);
#277=ORIENTED_EDGE('',*,*,#408,.T.);
#278=ORIENTED_EDGE('',*,*,#488,.T.);
#279=ORIENTED_EDGE('',*,*,#407,.T.);
#280=ORIENTED_EDGE('',*,*,#489,.T.);
#281=ORIENTED_EDGE('',*,*,#406,.T.);
#282=ORIENTED_EDGE('',*,*,#437,.F.);
#283=ORIENTED_EDGE('',*,*,#490,.F.);
#284=ORIENTED_EDGE('',*,*,#491,.T.);
#285=ORIENTED_EDGE('',*,*,#393,.T.);
#286=ORIENTED_EDGE('',*,*,#440,.F.);
#287=ORIENTED_EDGE('',*,*,#447,.F.);
#288=ORIENTED_EDGE('',*,*,#431,.T.);
#289=ORIENTED_EDGE('',*,*,#449,.F.);
#290=ORIENTED_EDGE('',*,*,#433,.T.);
#291=ORIENTED_EDGE('',*,*,#389,.T.);
#292=ORIENTED_EDGE('',*,*,#404,.F.);
#293=ORIENTED_EDGE('',*,*,#492,.F.);
#294=ORIENTED_EDGE('',*,*,#375,.T.);
#295=ORIENTED_EDGE('',*,*,#394,.T.);
#296=ORIENTED_EDGE('',*,*,#425,.T.);
#297=ORIENTED_EDGE('',*,*,#412,.T.);
#298=ORIENTED_EDGE('',*,*,#363,.T.);
#299=ORIENTED_EDGE('',*,*,#493,.F.);
#300=ORIENTED_EDGE('',*,*,#426,.T.);
#301=ORIENTED_EDGE('',*,*,#493,.T.);
#302=ORIENTED_EDGE('',*,*,#362,.T.);
#303=ORIENTED_EDGE('',*,*,#494,.F.);
#304=ORIENTED_EDGE('',*,*,#494,.T.);
#305=ORIENTED_EDGE('',*,*,#361,.F.);
#306=ORIENTED_EDGE('',*,*,#411,.F.);
#307=ORIENTED_EDGE('',*,*,#427,.F.);
#308=ORIENTED_EDGE('',*,*,#489,.F.);
#309=ORIENTED_EDGE('',*,*,#358,.F.);
#310=ORIENTED_EDGE('',*,*,#495,.F.);
#311=ORIENTED_EDGE('',*,*,#496,.T.);
#312=ORIENTED_EDGE('',*,*,#497,.T.);
#313=ORIENTED_EDGE('',*,*,#398,.T.);
#314=ORIENTED_EDGE('',*,*,#498,.T.);
#315=ORIENTED_EDGE('',*,*,#383,.T.);
#316=ORIENTED_EDGE('',*,*,#499,.F.);
#317=ORIENTED_EDGE('',*,*,#496,.F.);
#318=ORIENTED_EDGE('',*,*,#499,.T.);
#319=ORIENTED_EDGE('',*,*,#382,.T.);
#320=ORIENTED_EDGE('',*,*,#399,.F.);
#321=ORIENTED_EDGE('',*,*,#497,.F.);
#322=ORIENTED_EDGE('',*,*,#495,.T.);
#323=ORIENTED_EDGE('',*,*,#369,.T.);
#324=ORIENTED_EDGE('',*,*,#384,.F.);
#325=ORIENTED_EDGE('',*,*,#498,.F.);
#326=ORIENTED_EDGE('',*,*,#488,.F.);
#327=ORIENTED_EDGE('',*,*,#366,.F.);
#328=ORIENTED_EDGE('',*,*,#401,.F.);
#329=ORIENTED_EDGE('',*,*,#500,.F.);
#330=ORIENTED_EDGE('',*,*,#501,.T.);
#331=ORIENTED_EDGE('',*,*,#502,.T.);
#332=ORIENTED_EDGE('',*,*,#500,.T.);
#333=ORIENTED_EDGE('',*,*,#405,.T.);
#334=ORIENTED_EDGE('',*,*,#387,.F.);
#335=ORIENTED_EDGE('',*,*,#503,.F.);
#336=ORIENTED_EDGE('',*,*,#503,.T.);
#337=ORIENTED_EDGE('',*,*,#386,.T.);
#338=ORIENTED_EDGE('',*,*,#504,.F.);
#339=ORIENTED_EDGE('',*,*,#501,.F.);
#340=ORIENTED_EDGE('',*,*,#504,.T.);
#341=ORIENTED_EDGE('',*,*,#385,.T.);
#342=ORIENTED_EDGE('',*,*,#367,.F.);
#343=ORIENTED_EDGE('',*,*,#502,.F.);
#344=ORIENTED_EDGE('',*,*,#376,.T.);
#345=ORIENTED_EDGE('',*,*,#492,.T.);
#346=ORIENTED_EDGE('',*,*,#403,.F.);
#347=ORIENTED_EDGE('',*,*,#487,.F.);
#348=ORIENTED_EDGE('',*,*,#370,.T.);
#349=ORIENTED_EDGE('',*,*,#396,.T.);
#350=ORIENTED_EDGE('',*,*,#505,.T.);
#351=ORIENTED_EDGE('',*,*,#490,.T.);
#352=ORIENTED_EDGE('',*,*,#436,.F.);
#353=ORIENTED_EDGE('',*,*,#486,.F.);
#354=ORIENTED_EDGE('',*,*,#400,.T.);
#355=ORIENTED_EDGE('',*,*,#380,.T.);
#356=ORIENTED_EDGE('',*,*,#491,.F.);
#357=ORIENTED_EDGE('',*,*,#505,.F.);
#358=EDGE_CURVE('',#506,#507,#612,.T.);
#359=EDGE_CURVE('',#508,#507,#613,.T.);
#360=EDGE_CURVE('',#509,#508,#614,.T.);
#361=EDGE_CURVE('',#509,#510,#615,.T.);
#362=EDGE_CURVE('',#511,#510,#616,.T.);
#363=EDGE_CURVE('',#512,#511,#617,.T.);
#364=EDGE_CURVE('',#513,#512,#618,.T.);
#365=EDGE_CURVE('',#513,#514,#619,.T.);
#366=EDGE_CURVE('',#514,#515,#620,.T.);
#367=EDGE_CURVE('',#515,#516,#621,.T.);
#368=EDGE_CURVE('',#516,#517,#622,.T.);
#369=EDGE_CURVE('',#506,#517,#623,.T.);
#370=EDGE_CURVE('',#518,#519,#624,.T.);
#371=EDGE_CURVE('',#518,#520,#625,.T.);
#372=EDGE_CURVE('',#521,#520,#626,.T.);
#373=EDGE_CURVE('',#522,#521,#627,.T.);
#374=EDGE_CURVE('',#523,#522,#628,.T.);
#375=EDGE_CURVE('',#524,#523,#629,.T.);
#376=EDGE_CURVE('',#525,#524,#630,.T.);
#377=EDGE_CURVE('',#526,#525,#631,.T.);
#378=EDGE_CURVE('',#526,#527,#632,.T.);
#379=EDGE_CURVE('',#527,#519,#633,.T.);
#380=EDGE_CURVE('',#528,#529,#634,.T.);
#381=EDGE_CURVE('',#528,#530,#635,.T.);
#382=EDGE_CURVE('',#531,#530,#636,.T.);
#383=EDGE_CURVE('',#532,#531,#29,.T.);
#384=EDGE_CURVE('',#532,#517,#637,.T.);
#385=EDGE_CURVE('',#533,#516,#638,.T.);
#386=EDGE_CURVE('',#534,#533,#30,.T.);
#387=EDGE_CURVE('',#534,#535,#639,.T.);
#388=EDGE_CURVE('',#536,#535,#640,.T.);
#389=EDGE_CURVE('',#537,#536,#31,.T.);
#390=EDGE_CURVE('',#537,#538,#641,.T.);
#391=EDGE_CURVE('',#538,#539,#642,.T.);
#392=EDGE_CURVE('',#540,#539,#643,.T.);
#393=EDGE_CURVE('',#529,#540,#32,.T.);
#394=EDGE_CURVE('',#523,#541,#33,.T.);
#395=EDGE_CURVE('',#522,#541,#644,.T.);
#396=EDGE_CURVE('',#519,#542,#645,.T.);
#397=EDGE_CURVE('',#527,#508,#646,.T.);
#398=EDGE_CURVE('',#543,#507,#647,.T.);
#399=EDGE_CURVE('',#543,#530,#648,.T.);
#400=EDGE_CURVE('',#542,#528,#649,.T.);
#401=EDGE_CURVE('',#544,#514,#650,.T.);
#402=EDGE_CURVE('',#526,#513,#651,.T.);
#403=EDGE_CURVE('',#525,#545,#652,.T.);
#404=EDGE_CURVE('',#545,#536,#653,.T.);
#405=EDGE_CURVE('',#544,#535,#654,.T.);
#406=EDGE_CURVE('',#546,#546,#34,.T.);
#407=EDGE_CURVE('',#547,#547,#35,.T.);
#408=EDGE_CURVE('',#548,#548,#36,.T.);
#409=EDGE_CURVE('',#549,#549,#37,.T.);
#410=EDGE_CURVE('',#550,#551,#655,.T.);
#411=EDGE_CURVE('',#550,#509,#656,.T.);
#412=EDGE_CURVE('',#552,#512,#657,.T.);
#413=EDGE_CURVE('',#553,#552,#658,.T.);
#414=EDGE_CURVE('',#553,#554,#659,.T.);
#415=EDGE_CURVE('',#555,#554,#660,.T.);
#416=EDGE_CURVE('',#556,#555,#661,.T.);
#417=EDGE_CURVE('',#556,#557,#662,.T.);
#418=EDGE_CURVE('',#558,#557,#663,.T.);
#419=EDGE_CURVE('',#558,#559,#664,.T.);
#420=EDGE_CURVE('',#559,#560,#665,.T.);
#421=EDGE_CURVE('',#561,#560,#666,.T.);
#422=EDGE_CURVE('',#561,#562,#667,.T.);
#423=EDGE_CURVE('',#562,#563,#668,.T.);
#424=EDGE_CURVE('',#551,#563,#669,.T.);
#425=EDGE_CURVE('',#564,#552,#670,.T.);
#426=EDGE_CURVE('',#565,#564,#671,.T.);
#427=EDGE_CURVE('',#565,#550,#672,.T.);
#428=EDGE_CURVE('',#551,#566,#673,.T.);
#429=EDGE_CURVE('',#567,#566,#674,.T.);
#430=EDGE_CURVE('',#553,#567,#675,.T.);
#431=EDGE_CURVE('',#541,#568,#676,.F.);
#432=EDGE_CURVE('',#521,#568,#677,.T.);
#433=EDGE_CURVE('',#569,#537,#678,.T.);
#434=EDGE_CURVE('',#569,#570,#679,.T.);
#435=EDGE_CURVE('',#538,#570,#680,.T.);
#436=EDGE_CURVE('',#518,#571,#681,.T.);
#437=EDGE_CURVE('',#571,#572,#682,.F.);
#438=EDGE_CURVE('',#520,#572,#683,.T.);
#439=EDGE_CURVE('',#573,#574,#684,.T.);
#440=EDGE_CURVE('',#573,#540,#685,.T.);
#441=EDGE_CURVE('',#539,#574,#686,.T.);
#442=EDGE_CURVE('',#575,#575,#38,.F.);
#443=EDGE_CURVE('',#576,#576,#39,.F.);
#444=EDGE_CURVE('',#577,#577,#40,.F.);
#445=EDGE_CURVE('',#578,#578,#41,.F.);
#446=EDGE_CURVE('',#579,#579,#42,.T.);
#447=EDGE_CURVE('',#572,#573,#43,.T.);
#448=EDGE_CURVE('',#570,#574,#687,.T.);
#449=EDGE_CURVE('',#569,#568,#44,.T.);
#450=EDGE_CURVE('',#556,#580,#688,.T.);
#451=EDGE_CURVE('',#555,#581,#689,.T.);
#452=EDGE_CURVE('',#580,#581,#690,.T.);
#453=EDGE_CURVE('',#562,#582,#691,.T.);
#454=EDGE_CURVE('',#561,#583,#692,.T.);
#455=EDGE_CURVE('',#583,#582,#693,.T.);
#456=EDGE_CURVE('',#559,#584,#694,.T.);
#457=EDGE_CURVE('',#558,#585,#695,.T.);
#458=EDGE_CURVE('',#585,#584,#696,.T.);
#459=EDGE_CURVE('',#586,#566,#697,.T.);
#460=EDGE_CURVE('',#586,#582,#698,.T.);
#461=EDGE_CURVE('',#587,#583,#699,.T.);
#462=EDGE_CURVE('',#587,#588,#700,.T.);
#463=EDGE_CURVE('',#589,#588,#701,.T.);
#464=EDGE_CURVE('',#590,#589,#702,.T.);
#465=EDGE_CURVE('',#590,#580,#703,.T.);
#466=EDGE_CURVE('',#591,#581,#704,.T.);
#467=EDGE_CURVE('',#591,#567,#705,.T.);
#468=EDGE_CURVE('',#557,#590,#706,.T.);
#469=EDGE_CURVE('',#589,#592,#707,.T.);
#470=EDGE_CURVE('',#585,#592,#708,.T.);
#471=EDGE_CURVE('',#588,#593,#709,.T.);
#472=EDGE_CURVE('',#592,#593,#710,.T.);
#473=EDGE_CURVE('',#584,#593,#711,.T.);
#474=EDGE_CURVE('',#560,#587,#712,.T.);
#475=EDGE_CURVE('',#594,#594,#45,.T.);
#476=EDGE_CURVE('',#595,#595,#46,.T.);
#477=EDGE_CURVE('',#596,#596,#47,.T.);
#478=EDGE_CURVE('',#597,#597,#48,.T.);
#479=EDGE_CURVE('',#598,#598,#49,.T.);
#480=EDGE_CURVE('',#599,#599,#50,.T.);
#481=EDGE_CURVE('',#600,#600,#51,.T.);
#482=EDGE_CURVE('',#601,#601,#52,.T.);
#483=EDGE_CURVE('',#602,#602,#53,.T.);
#484=EDGE_CURVE('',#554,#591,#713,.T.);
#485=EDGE_CURVE('',#563,#586,#714,.T.);
#486=EDGE_CURVE('',#603,#603,#54,.F.);
#487=EDGE_CURVE('',#604,#604,#55,.F.);
#488=EDGE_CURVE('',#605,#605,#56,.F.);
#489=EDGE_CURVE('',#606,#606,#57,.F.);
#490=EDGE_CURVE('',#607,#571,#58,.F.);
#491=EDGE_CURVE('',#607,#529,#715,.T.);
#492=EDGE_CURVE('',#524,#545,#59,.F.);
#493=EDGE_CURVE('',#564,#511,#716,.T.);
#494=EDGE_CURVE('',#565,#510,#717,.T.);
#495=EDGE_CURVE('',#608,#506,#718,.T.);
#496=EDGE_CURVE('',#608,#609,#60,.F.);
#497=EDGE_CURVE('',#609,#543,#719,.T.);
#498=EDGE_CURVE('',#608,#532,#720,.T.);
#499=EDGE_CURVE('',#609,#531,#721,.T.);
#500=EDGE_CURVE('',#610,#544,#722,.T.);
#501=EDGE_CURVE('',#610,#611,#61,.F.);
#502=EDGE_CURVE('',#611,#515,#723,.T.);
#503=EDGE_CURVE('',#610,#534,#724,.T.);
#504=EDGE_CURVE('',#611,#533,#725,.T.);
#505=EDGE_CURVE('',#542,#607,#726,.T.);
#506=VERTEX_POINT('',#1518);
#507=VERTEX_POINT('',#1519);
#508=VERTEX_POINT('',#1521);
#509=VERTEX_POINT('',#1523);
#510=VERTEX_POINT('',#1525);
#511=VERTEX_POINT('',#1527);
#512=VERTEX_POINT('',#1529);
#513=VERTEX_POINT('',#1531);
#514=VERTEX_POINT('',#1533);
#515=VERTEX_POINT('',#1535);
#516=VERTEX_POINT('',#1537);
#517=VERTEX_POINT('',#1539);
#518=VERTEX_POINT('',#1543);
#519=VERTEX_POINT('',#1544);
#520=VERTEX_POINT('',#1546);
#521=VERTEX_POINT('',#1548);
#522=VERTEX_POINT('',#1550);
#523=VERTEX_POINT('',#1552);
#524=VERTEX_POINT('',#1554);
#525=VERTEX_POINT('',#1556);
#526=VERTEX_POINT('',#1558);
#527=VERTEX_POINT('',#1560);
#528=VERTEX_POINT('',#1564);
#529=VERTEX_POINT('',#1565);
#530=VERTEX_POINT('',#1567);
#531=VERTEX_POINT('',#1569);
#532=VERTEX_POINT('',#1571);
#533=VERTEX_POINT('',#1574);
#534=VERTEX_POINT('',#1576);
#535=VERTEX_POINT('',#1578);
#536=VERTEX_POINT('',#1580);
#537=VERTEX_POINT('',#1582);
#538=VERTEX_POINT('',#1584);
#539=VERTEX_POINT('',#1586);
#540=VERTEX_POINT('',#1588);
#541=VERTEX_POINT('',#1592);
#542=VERTEX_POINT('',#1596);
#543=VERTEX_POINT('',#1599);
#544=VERTEX_POINT('',#1604);
#545=VERTEX_POINT('',#1607);
#546=VERTEX_POINT('',#1612);
#547=VERTEX_POINT('',#1614);
#548=VERTEX_POINT('',#1616);
#549=VERTEX_POINT('',#1618);
#550=VERTEX_POINT('',#1620);
#551=VERTEX_POINT('',#1621);
#552=VERTEX_POINT('',#1624);
#553=VERTEX_POINT('',#1626);
#554=VERTEX_POINT('',#1628);
#555=VERTEX_POINT('',#1630);
#556=VERTEX_POINT('',#1632);
#557=VERTEX_POINT('',#1634);
#558=VERTEX_POINT('',#1636);
#559=VERTEX_POINT('',#1638);
#560=VERTEX_POINT('',#1640);
#561=VERTEX_POINT('',#1642);
#562=VERTEX_POINT('',#1644);
#563=VERTEX_POINT('',#1646);
#564=VERTEX_POINT('',#1650);
#565=VERTEX_POINT('',#1652);
#566=VERTEX_POINT('',#1655);
#567=VERTEX_POINT('',#1657);
#568=VERTEX_POINT('',#1661);
#569=VERTEX_POINT('',#1665);
#570=VERTEX_POINT('',#1667);
#571=VERTEX_POINT('',#1671);
#572=VERTEX_POINT('',#1673);
#573=VERTEX_POINT('',#1677);
#574=VERTEX_POINT('',#1678);
#575=VERTEX_POINT('',#1683);
#576=VERTEX_POINT('',#1685);
#577=VERTEX_POINT('',#1687);
#578=VERTEX_POINT('',#1689);
#579=VERTEX_POINT('',#1691);
#580=VERTEX_POINT('',#1697);
#581=VERTEX_POINT('',#1699);
#582=VERTEX_POINT('',#1703);
#583=VERTEX_POINT('',#1705);
#584=VERTEX_POINT('',#1709);
#585=VERTEX_POINT('',#1711);
#586=VERTEX_POINT('',#1715);
#587=VERTEX_POINT('',#1718);
#588=VERTEX_POINT('',#1720);
#589=VERTEX_POINT('',#1722);
#590=VERTEX_POINT('',#1724);
#591=VERTEX_POINT('',#1727);
#592=VERTEX_POINT('',#1732);
#593=VERTEX_POINT('',#1736);
#594=VERTEX_POINT('',#1743);
#595=VERTEX_POINT('',#1747);
#596=VERTEX_POINT('',#1749);
#597=VERTEX_POINT('',#1751);
#598=VERTEX_POINT('',#1753);
#599=VERTEX_POINT('',#1756);
#600=VERTEX_POINT('',#1760);
#601=VERTEX_POINT('',#1764);
#602=VERTEX_POINT('',#1768);
#603=VERTEX_POINT('',#1780);
#604=VERTEX_POINT('',#1783);
#605=VERTEX_POINT('',#1786);
#606=VERTEX_POINT('',#1789);
#607=VERTEX_POINT('',#1792);
#608=VERTEX_POINT('',#1803);
#609=VERTEX_POINT('',#1805);
#610=VERTEX_POINT('',#1814);
#611=VERTEX_POINT('',#1816);
#612=LINE('',#1517,#727);
#613=LINE('',#1520,#728);
#614=LINE('',#1522,#729);
#615=LINE('',#1524,#730);
#616=LINE('',#1526,#731);
#617=LINE('',#1528,#732);
#618=LINE('',#1530,#733);
#619=LINE('',#1532,#734);
#620=LINE('',#1534,#735);
#621=LINE('',#1536,#736);
#622=LINE('',#1538,#737);
#623=LINE('',#1540,#738);
#624=LINE('',#1542,#739);
#625=LINE('',#1545,#740);
#626=LINE('',#1547,#741);
#627=LINE('',#1549,#742);
#628=LINE('',#1551,#743);
#629=LINE('',#1553,#744);
#630=LINE('',#1555,#745);
#631=LINE('',#1557,#746);
#632=LINE('',#1559,#747);
#633=LINE('',#1561,#748);
#634=LINE('',#1563,#749);
#635=LINE('',#1566,#750);
#636=LINE('',#1568,#751);
#637=LINE('',#1572,#752);
#638=LINE('',#1573,#753);
#639=LINE('',#1577,#754);
#640=LINE('',#1579,#755);
#641=LINE('',#1583,#756);
#642=LINE('',#1585,#757);
#643=LINE('',#1587,#758);
#644=LINE('',#1593,#759);
#645=LINE('',#1595,#760);
#646=LINE('',#1597,#761);
#647=LINE('',#1598,#762);
#648=LINE('',#1600,#763);
#649=LINE('',#1601,#764);
#650=LINE('',#1603,#765);
#651=LINE('',#1605,#766);
#652=LINE('',#1606,#767);
#653=LINE('',#1608,#768);
#654=LINE('',#1609,#769);
#655=LINE('',#1619,#770);
#656=LINE('',#1622,#771);
#657=LINE('',#1623,#772);
#658=LINE('',#1625,#773);
#659=LINE('',#1627,#774);
#660=LINE('',#1629,#775);
#661=LINE('',#1631,#776);
#662=LINE('',#1633,#777);
#663=LINE('',#1635,#778);
#664=LINE('',#1637,#779);
#665=LINE('',#1639,#780);
#666=LINE('',#1641,#781);
#667=LINE('',#1643,#782);
#668=LINE('',#1645,#783);
#669=LINE('',#1647,#784);
#670=LINE('',#1649,#785);
#671=LINE('',#1651,#786);
#672=LINE('',#1653,#787);
#673=LINE('',#1654,#788);
#674=LINE('',#1656,#789);
#675=LINE('',#1658,#790);
#676=LINE('',#1660,#791);
#677=LINE('',#1662,#792);
#678=LINE('',#1664,#793);
#679=LINE('',#1666,#794);
#680=LINE('',#1668,#795);
#681=LINE('',#1670,#796);
#682=LINE('',#1672,#797);
#683=LINE('',#1674,#798);
#684=LINE('',#1676,#799);
#685=LINE('',#1679,#800);
#686=LINE('',#1680,#801);
#687=LINE('',#1693,#802);
#688=LINE('',#1696,#803);
#689=LINE('',#1698,#804);
#690=LINE('',#1700,#805);
#691=LINE('',#1702,#806);
#692=LINE('',#1704,#807);
#693=LINE('',#1706,#808);
#694=LINE('',#1708,#809);
#695=LINE('',#1710,#810);
#696=LINE('',#1712,#811);
#697=LINE('',#1714,#812);
#698=LINE('',#1716,#813);
#699=LINE('',#1717,#814);
#700=LINE('',#1719,#815);
#701=LINE('',#1721,#816);
#702=LINE('',#1723,#817);
#703=LINE('',#1725,#818);
#704=LINE('',#1726,#819);
#705=LINE('',#1728,#820);
#706=LINE('',#1730,#821);
#707=LINE('',#1731,#822);
#708=LINE('',#1733,#823);
#709=LINE('',#1735,#824);
#710=LINE('',#1737,#825);
#711=LINE('',#1739,#826);
#712=LINE('',#1740,#827);
#713=LINE('',#1771,#828);
#714=LINE('',#1776,#829);
#715=LINE('',#1793,#830);
#716=LINE('',#1797,#831);
#717=LINE('',#1799,#832);
#718=LINE('',#1802,#833);
#719=LINE('',#1806,#834);
#720=LINE('',#1808,#835);
#721=LINE('',#1809,#836);
#722=LINE('',#1813,#837);
#723=LINE('',#1817,#838);
#724=LINE('',#1819,#839);
#725=LINE('',#1821,#840);
#726=LINE('',#1825,#841);
#727=VECTOR('',#1222,1.);
#728=VECTOR('',#1223,1.);
#729=VECTOR('',#1224,1.);
#730=VECTOR('',#1225,1.);
#731=VECTOR('',#1226,1.);
#732=VECTOR('',#1227,1.);
#733=VECTOR('',#1228,1.);
#734=VECTOR('',#1229,1.);
#735=VECTOR('',#1230,1.);
#736=VECTOR('',#1231,1.);
#737=VECTOR('',#1232,1.);
#738=VECTOR('',#1233,1.);
#739=VECTOR('',#1236,1.);
#740=VECTOR('',#1237,1.);
#741=VECTOR('',#1238,1.);
#742=VECTOR('',#1239,1.);
#743=VECTOR('',#1240,1.);
#744=VECTOR('',#1241,1.);
#745=VECTOR('',#1242,1.);
#746=VECTOR('',#1243,1.);
#747=VECTOR('',#1244,1.);
#748=VECTOR('',#1245,1.);
#749=VECTOR('',#1248,1.);
#750=VECTOR('',#1249,1.);
#751=VECTOR('',#1250,1.);
#752=VECTOR('',#1253,1.);
#753=VECTOR('',#1254,1.);
#754=VECTOR('',#1257,1.);
#755=VECTOR('',#1258,1.);
#756=VECTOR('',#1261,1.);
#757=VECTOR('',#1262,1.);
#758=VECTOR('',#1263,1.);
#759=VECTOR('',#1270,1.);
#760=VECTOR('',#1273,1.);
#761=VECTOR('',#1274,1.);
#762=VECTOR('',#1275,1.);
#763=VECTOR('',#1276,1.);
#764=VECTOR('',#1277,1.);
#765=VECTOR('',#1280,1.);
#766=VECTOR('',#1281,1.);
#767=VECTOR('',#1282,1.);
#768=VECTOR('',#1283,1.);
#769=VECTOR('',#1284,1.);
#770=VECTOR('',#1295,1.);
#771=VECTOR('',#1296,1.);
#772=VECTOR('',#1297,1.);
#773=VECTOR('',#1298,1.);
#774=VECTOR('',#1299,1.);
#775=VECTOR('',#1300,1.);
#776=VECTOR('',#1301,1.);
#777=VECTOR('',#1302,1.);
#778=VECTOR('',#1303,1.);
#779=VECTOR('',#1304,1.);
#780=VECTOR('',#1305,1.);
#781=VECTOR('',#1306,1.);
#782=VECTOR('',#1307,1.);
#783=VECTOR('',#1308,1.);
#784=VECTOR('',#1309,1.);
#785=VECTOR('',#1312,1.);
#786=VECTOR('',#1313,1.);
#787=VECTOR('',#1314,1.);
#788=VECTOR('',#1315,1.);
#789=VECTOR('',#1316,1.);
#790=VECTOR('',#1317,1.);
#791=VECTOR('',#1320,1.);
#792=VECTOR('',#1321,1.);
#793=VECTOR('',#1324,1.);
#794=VECTOR('',#1325,1.);
#795=VECTOR('',#1326,1.);
#796=VECTOR('',#1329,1.);
#797=VECTOR('',#1330,1.);
#798=VECTOR('',#1331,1.);
#799=VECTOR('',#1334,1.);
#800=VECTOR('',#1335,1.);
#801=VECTOR('',#1336,1.);
#802=VECTOR('',#1351,1.);
#803=VECTOR('',#1356,1.);
#804=VECTOR('',#1357,1.);
#805=VECTOR('',#1358,1.);
#806=VECTOR('',#1361,1.);
#807=VECTOR('',#1362,1.);
#808=VECTOR('',#1363,1.);
#809=VECTOR('',#1366,1.);
#810=VECTOR('',#1367,1.);
#811=VECTOR('',#1368,1.);
#812=VECTOR('',#1371,1.);
#813=VECTOR('',#1372,1.);
#814=VECTOR('',#1373,1.);
#815=VECTOR('',#1374,1.);
#816=VECTOR('',#1375,1.);
#817=VECTOR('',#1376,1.);
#818=VECTOR('',#1377,1.);
#819=VECTOR('',#1378,1.);
#820=VECTOR('',#1379,1.);
#821=VECTOR('',#1382,1.);
#822=VECTOR('',#1383,1.);
#823=VECTOR('',#1384,1.);
#824=VECTOR('',#1387,1.);
#825=VECTOR('',#1388,1.);
#826=VECTOR('',#1391,1.);
#827=VECTOR('',#1392,1.);
#828=VECTOR('',#1435,1.);
#829=VECTOR('',#1444,1.);
#830=VECTOR('',#1467,1.);
#831=VECTOR('',#1474,1.);
#832=VECTOR('',#1477,1.);
#833=VECTOR('',#1482,1.);
#834=VECTOR('',#1485,1.);
#835=VECTOR('',#1488,1.);
#836=VECTOR('',#1489,1.);
#837=VECTOR('',#1496,1.);
#838=VECTOR('',#1499,1.);
#839=VECTOR('',#1502,1.);
#840=VECTOR('',#1505,1.);
#841=VECTOR('',#1512,1.);
#842=EDGE_LOOP('',(#62,#63,#64,#65,#66,#67,#68,#69,#70,#71,#72,#73));
#843=EDGE_LOOP('',(#74,#75,#76,#77,#78,#79,#80,#81,#82,#83));
#844=EDGE_LOOP('',(#84,#85,#86,#87,#88,#89,#90,#91,#92,#93,#94,#95,#96,#97,#98));
#845=EDGE_LOOP('',(#99,#100,#101));
#846=EDGE_LOOP('',(#102,#103,#104,#105,#106,#107,#108,#109));
#847=EDGE_LOOP('',(#110,#111,#112,#113,#114,#115,#116,#117));
#848=EDGE_LOOP('',(#118));
#849=EDGE_LOOP('',(#119));
#850=EDGE_LOOP('',(#120));
#851=EDGE_LOOP('',(#121));
#852=EDGE_LOOP('',(#122,#123,#124,#125,#126,#127,#128,#129,#130,#131,#132,#133,#134,#135,#136,#137,#138,#139,#140,#141));
#853=EDGE_LOOP('',(#142,#143,#144,#145,#146,#147,#148,#149));
#854=EDGE_LOOP('',(#150,#151,#152,#153));
#855=EDGE_LOOP('',(#154,#155,#156,#157));
#856=EDGE_LOOP('',(#158,#159,#160,#161));
#857=EDGE_LOOP('',(#162,#163,#164,#165));
#858=EDGE_LOOP('',(#166));
#859=EDGE_LOOP('',(#167));
#860=EDGE_LOOP('',(#168));
#861=EDGE_LOOP('',(#169));
#862=EDGE_LOOP('',(#170));
#863=EDGE_LOOP('',(#171,#172,#173,#174,#175,#176,#177,#178));
#864=EDGE_LOOP('',(#179,#180,#181,#182));
#865=EDGE_LOOP('',(#183,#184,#185,#186));
#866=EDGE_LOOP('',(#187,#188,#189,#190));
#867=EDGE_LOOP('',(#191,#192,#193,#194,#195,#196,#197,#198,#199,#200,#201,#202));
#868=EDGE_LOOP('',(#203,#204,#205,#206,#207,#208));
#869=EDGE_LOOP('',(#209,#210,#211,#212));
#870=EDGE_LOOP('',(#213,#214,#215,#216,#217,#218));
#871=EDGE_LOOP('',(#219));
#872=EDGE_LOOP('',(#220));
#873=EDGE_LOOP('',(#221,#222,#223,#224));
#874=EDGE_LOOP('',(#225));
#875=EDGE_LOOP('',(#226));
#876=EDGE_LOOP('',(#227));
#877=EDGE_LOOP('',(#228));
#878=EDGE_LOOP('',(#229));
#879=EDGE_LOOP('',(#230,#231,#232,#233));
#880=EDGE_LOOP('',(#234));
#881=EDGE_LOOP('',(#235));
#882=EDGE_LOOP('',(#236));
#883=EDGE_LOOP('',(#237));
#884=EDGE_LOOP('',(#238));
#885=EDGE_LOOP('',(#239));
#886=EDGE_LOOP('',(#240));
#887=EDGE_LOOP('',(#241));
#888=EDGE_LOOP('',(#242));
#889=EDGE_LOOP('',(#243));
#890=EDGE_LOOP('',(#244));
#891=EDGE_LOOP('',(#245));
#892=EDGE_LOOP('',(#246));
#893=EDGE_LOOP('',(#247));
#894=EDGE_LOOP('',(#248));
#895=EDGE_LOOP('',(#249));
#896=EDGE_LOOP('',(#250,#251,#252,#253));
#897=EDGE_LOOP('',(#254,#255,#256,#257));
#898=EDGE_LOOP('',(#258,#259,#260,#261));
#899=EDGE_LOOP('',(#262,#263,#264,#265));
#900=EDGE_LOOP('',(#266,#267,#268,#269));
#901=EDGE_LOOP('',(#270,#271,#272,#273));
#902=EDGE_LOOP('',(#274));
#903=EDGE_LOOP('',(#275));
#904=EDGE_LOOP('',(#276));
#905=EDGE_LOOP('',(#277));
#906=EDGE_LOOP('',(#278));
#907=EDGE_LOOP('',(#279));
#908=EDGE_LOOP('',(#280));
#909=EDGE_LOOP('',(#281));
#910=EDGE_LOOP('',(#282,#283,#284,#285,#286,#287));
#911=EDGE_LOOP('',(#288,#289,#290,#291,#292,#293,#294,#295));
#912=EDGE_LOOP('',(#296,#297,#298,#299));
#913=EDGE_LOOP('',(#300,#301,#302,#303));
#914=EDGE_LOOP('',(#304,#305,#306,#307));
#915=EDGE_LOOP('',(#308));
#916=EDGE_LOOP('',(#309,#310,#311,#312,#313));
#917=EDGE_LOOP('',(#314,#315,#316,#317));
#918=EDGE_LOOP('',(#318,#319,#320,#321));
#919=EDGE_LOOP('',(#322,#323,#324,#325));
#920=EDGE_LOOP('',(#326));
#921=EDGE_LOOP('',(#327,#328,#329,#330,#331));
#922=EDGE_LOOP('',(#332,#333,#334,#335));
#923=EDGE_LOOP('',(#336,#337,#338,#339));
#924=EDGE_LOOP('',(#340,#341,#342,#343));
#925=EDGE_LOOP('',(#344,#345,#346));
#926=EDGE_LOOP('',(#347));
#927=EDGE_LOOP('',(#348,#349,#350,#351,#352));
#928=EDGE_LOOP('',(#353));
#929=EDGE_LOOP('',(#354,#355,#356,#357));
#930=FACE_BOUND('',#842,.T.);
#931=FACE_BOUND('',#843,.T.);
#932=FACE_BOUND('',#844,.T.);
#933=FACE_BOUND('',#845,.T.);
#934=FACE_BOUND('',#846,.T.);
#935=FACE_BOUND('',#847,.T.);
#936=FACE_BOUND('',#848,.T.);
#937=FACE_BOUND('',#849,.T.);
#938=FACE_BOUND('',#850,.T.);
#939=FACE_BOUND('',#851,.T.);
#940=FACE_BOUND('',#852,.T.);
#941=FACE_BOUND('',#853,.T.);
#942=FACE_BOUND('',#854,.T.);
#943=FACE_BOUND('',#855,.T.);
#944=FACE_BOUND('',#856,.T.);
#945=FACE_BOUND('',#857,.T.);
#946=FACE_BOUND('',#858,.T.);
#947=FACE_BOUND('',#859,.T.);
#948=FACE_BOUND('',#860,.T.);
#949=FACE_BOUND('',#861,.T.);
#950=FACE_BOUND('',#862,.T.);
#951=FACE_BOUND('',#863,.T.);
#952=FACE_BOUND('',#864,.T.);
#953=FACE_BOUND('',#865,.T.);
#954=FACE_BOUND('',#866,.T.);
#955=FACE_BOUND('',#867,.T.);
#956=FACE_BOUND('',#868,.T.);
#957=FACE_BOUND('',#869,.T.);
#958=FACE_BOUND('',#870,.T.);
#959=FACE_BOUND('',#871,.T.);
#960=FACE_BOUND('',#872,.T.);
#961=FACE_BOUND('',#873,.T.);
#962=FACE_BOUND('',#874,.T.);
#963=FACE_BOUND('',#875,.T.);
#964=FACE_BOUND('',#876,.T.);
#965=FACE_BOUND('',#877,.T.);
#966=FACE_BOUND('',#878,.T.);
#967=FACE_BOUND('',#879,.T.);
#968=FACE_BOUND('',#880,.T.);
#969=FACE_BOUND('',#881,.T.);
#970=FACE_BOUND('',#882,.T.);
#971=FACE_BOUND('',#883,.T.);
#972=FACE_BOUND('',#884,.T.);
#973=FACE_BOUND('',#885,.T.);
#974=FACE_BOUND('',#886,.T.);
#975=FACE_BOUND('',#887,.T.);
#976=FACE_BOUND('',#888,.T.);
#977=FACE_BOUND('',#889,.T.);
#978=FACE_BOUND('',#890,.T.);
#979=FACE_BOUND('',#891,.T.);
#980=FACE_BOUND('',#892,.T.);
#981=FACE_BOUND('',#893,.T.);
#982=FACE_BOUND('',#894,.T.);
#983=FACE_BOUND('',#895,.T.);
#984=FACE_BOUND('',#896,.T.);
#985=FACE_BOUND('',#897,.T.);
#986=FACE_BOUND('',#898,.T.);
#987=FACE_BOUND('',#899,.T.);
#988=FACE_BOUND('',#900,.T.);
#989=FACE_BOUND('',#901,.T.);
#990=FACE_BOUND('',#902,.T.);
#991=FACE_BOUND('',#903,.T.);
#992=FACE_BOUND('',#904,.T.);
#993=FACE_BOUND('',#905,.T.);
#994=FACE_BOUND('',#906,.T.);
#995=FACE_BOUND('',#907,.T.);
#996=FACE_BOUND('',#908,.T.);
#997=FACE_BOUND('',#909,.T.);
#998=FACE_BOUND('',#910,.T.);
#999=FACE_BOUND('',#911,.T.);
#1000=FACE_BOUND('',#912,.T.);
#1001=FACE_BOUND('',#913,.T.);
#1002=FACE_BOUND('',#914,.T.);
#1003=FACE_BOUND('',#915,.T.);
#1004=FACE_BOUND('',#916,.T.);
#1005=FACE_BOUND('',#917,.T.);
#1006=FACE_BOUND('',#918,.T.);
#1007=FACE_BOUND('',#919,.T.);
#1008=FACE_BOUND('',#920,.T.);
#1009=FACE_BOUND('',#921,.T.);
#1010=FACE_BOUND('',#922,.T.);
#1011=FACE_BOUND('',#923,.T.);
#1012=FACE_BOUND('',#924,.T.);
#1013=FACE_BOUND('',#925,.T.);
#1014=FACE_BOUND('',#926,.T.);
#1015=FACE_BOUND('',#927,.T.);
#1016=FACE_BOUND('',#928,.T.);
#1017=FACE_BOUND('',#929,.T.);
#1018=PLANE('',#1128);
#1019=PLANE('',#1129);
#1020=PLANE('',#1130);
#1021=PLANE('',#1135);
#1022=PLANE('',#1137);
#1023=PLANE('',#1138);
#1024=PLANE('',#1139);
#1025=PLANE('',#1144);
#1026=PLANE('',#1145);
#1027=PLANE('',#1146);
#1028=PLANE('',#1147);
#1029=PLANE('',#1148);
#1030=PLANE('',#1149);
#1031=PLANE('',#1157);
#1032=PLANE('',#1158);
#1033=PLANE('',#1159);
#1034=PLANE('',#1160);
#1035=PLANE('',#1161);
#1036=PLANE('',#1162);
#1037=PLANE('',#1163);
#1038=PLANE('',#1166);
#1039=PLANE('',#1167);
#1040=PLANE('',#1184);
#1041=PLANE('',#1185);
#1042=PLANE('',#1186);
#1043=PLANE('',#1187);
#1044=PLANE('',#1188);
#1045=PLANE('',#1189);
#1046=PLANE('',#1202);
#1047=PLANE('',#1203);
#1048=PLANE('',#1204);
#1049=PLANE('',#1205);
#1050=PLANE('',#1208);
#1051=PLANE('',#1209);
#1052=PLANE('',#1210);
#1053=PLANE('',#1212);
#1054=PLANE('',#1214);
#1055=PLANE('',#1215);
#1056=PLANE('',#1216);
#1057=PLANE('',#1217);
#1058=ADVANCED_FACE('',(#930),#1018,.F.);
#1059=ADVANCED_FACE('',(#931),#1019,.T.);
#1060=ADVANCED_FACE('',(#932),#1020,.F.);
#1061=ADVANCED_FACE('',(#933),#1021,.F.);
#1062=ADVANCED_FACE('',(#934),#1022,.T.);
#1063=ADVANCED_FACE('',(#935),#1023,.F.);
#1064=ADVANCED_FACE('',(#936,#937,#938,#939,#940),#1024,.T.);
#1065=ADVANCED_FACE('',(#941),#1025,.F.);
#1066=ADVANCED_FACE('',(#942),#1026,.F.);
#1067=ADVANCED_FACE('',(#943),#1027,.F.);
#1068=ADVANCED_FACE('',(#944),#1028,.T.);
#1069=ADVANCED_FACE('',(#945),#1029,.T.);
#1070=ADVANCED_FACE('',(#946,#947,#948,#949,#950,#951),#1030,.F.);
#1071=ADVANCED_FACE('',(#952),#1031,.F.);
#1072=ADVANCED_FACE('',(#953),#1032,.T.);
#1073=ADVANCED_FACE('',(#954),#1033,.F.);
#1074=ADVANCED_FACE('',(#955),#1034,.T.);
#1075=ADVANCED_FACE('',(#956),#1035,.T.);
#1076=ADVANCED_FACE('',(#957),#1036,.T.);
#1077=ADVANCED_FACE('',(#958),#1037,.F.);
#1078=ADVANCED_FACE('',(#959,#960),#16,.F.);
#1079=ADVANCED_FACE('',(#961),#1038,.F.);
#1080=ADVANCED_FACE('',(#962,#963,#964,#965,#966,#967),#1039,.T.);
#1081=ADVANCED_FACE('',(#968,#969),#17,.F.);
#1082=ADVANCED_FACE('',(#970,#971),#12,.F.);
#1083=ADVANCED_FACE('',(#972,#973),#18,.F.);
#1084=ADVANCED_FACE('',(#974,#975),#13,.F.);
#1085=ADVANCED_FACE('',(#976,#977),#19,.F.);
#1086=ADVANCED_FACE('',(#978,#979),#14,.F.);
#1087=ADVANCED_FACE('',(#980,#981),#20,.F.);
#1088=ADVANCED_FACE('',(#982,#983),#15,.F.);
#1089=ADVANCED_FACE('',(#984),#1040,.F.);
#1090=ADVANCED_FACE('',(#985),#1041,.T.);
#1091=ADVANCED_FACE('',(#986),#1042,.F.);
#1092=ADVANCED_FACE('',(#987),#1043,.T.);
#1093=ADVANCED_FACE('',(#988),#1044,.F.);
#1094=ADVANCED_FACE('',(#989),#1045,.T.);
#1095=ADVANCED_FACE('',(#990,#991),#21,.F.);
#1096=ADVANCED_FACE('',(#992,#993),#22,.F.);
#1097=ADVANCED_FACE('',(#994,#995),#23,.F.);
#1098=ADVANCED_FACE('',(#996,#997),#24,.F.);
#1099=ADVANCED_FACE('',(#998),#25,.F.);
#1100=ADVANCED_FACE('',(#999),#26,.F.);
#1101=ADVANCED_FACE('',(#1000),#1046,.F.);
#1102=ADVANCED_FACE('',(#1001),#1047,.F.);
#1103=ADVANCED_FACE('',(#1002),#1048,.T.);
#1104=ADVANCED_FACE('',(#1003,#1004),#1049,.F.);
#1105=ADVANCED_FACE('',(#1005),#27,.F.);
#1106=ADVANCED_FACE('',(#1006),#1050,.F.);
#1107=ADVANCED_FACE('',(#1007),#1051,.T.);
#1108=ADVANCED_FACE('',(#1008,#1009),#1052,.F.);
#1109=ADVANCED_FACE('',(#1010),#1053,.T.);
#1110=ADVANCED_FACE('',(#1011),#28,.F.);
#1111=ADVANCED_FACE('',(#1012),#1054,.F.);
#1112=ADVANCED_FACE('',(#1013,#1014),#1055,.F.);
#1113=ADVANCED_FACE('',(#1015,#1016),#1056,.F.);
#1114=ADVANCED_FACE('',(#1017),#1057,.F.);
#1115=CLOSED_SHELL('',(#1058,#1059,#1060,#1061,#1062,#1063,#1064,#1065,#1066,#1067,#1068,#1069,#1070,#1071,#1072,#1073,#1074,#1075,#1076,#1077,#1078,#1079,#1080,#1081,#1082,#1083,#1084,#1085,#1086,#1087,#1088,#1089,#1090,#1091,#1092,#1093,#1094,#1095,#1096,#1097,#1098,#1099,#1100,#1101,#1102,#1103,#1104,#1105,#1106,#1107,#1108,#1109,#1110,#1111,#1112,#1113,#1114));
#1116=STYLED_ITEM('',(#1117),#1124);
#1117=PRESENTATION_STYLE_ASSIGNMENT((#1118));
#1118=SURFACE_STYLE_USAGE(.BOTH.,#1119);
#1119=SURFACE_SIDE_STYLE('',(#1120));
#1120=SURFACE_STYLE_FILL_AREA(#1121);
#1121=FILL_AREA_STYLE('',(#1122));
#1122=FILL_AREA_STYLE_COLOUR('',#1123);
#1123=COLOUR_RGB('',0.615686274509804,0.811764705882353,0.929411764705882);
#1124=MANIFOLD_SOLID_BREP('Baffle',#1115);
#1125=SHAPE_DEFINITION_REPRESENTATION(#1833,#1126);
#1126=SHAPE_REPRESENTATION('Baffle',(#1127),#1828);
#1127=AXIS2_PLACEMENT_3D('',#1515,#1218,#1219);
#1128=AXIS2_PLACEMENT_3D('',#1516,#1220,#1221);
#1129=AXIS2_PLACEMENT_3D('',#1541,#1234,#1235);
#1130=AXIS2_PLACEMENT_3D('',#1562,#1246,#1247);
#1131=AXIS2_PLACEMENT_3D('',#1570,#1251,#1252);
#1132=AXIS2_PLACEMENT_3D('',#1575,#1255,#1256);
#1133=AXIS2_PLACEMENT_3D('',#1581,#1259,#1260);
#1134=AXIS2_PLACEMENT_3D('',#1589,#1264,#1265);
#1135=AXIS2_PLACEMENT_3D('',#1590,#1266,#1267);
#1136=AXIS2_PLACEMENT_3D('',#1591,#1268,#1269);
#1137=AXIS2_PLACEMENT_3D('',#1594,#1271,#1272);
#1138=AXIS2_PLACEMENT_3D('',#1602,#1278,#1279);
#1139=AXIS2_PLACEMENT_3D('',#1610,#1285,#1286);
#1140=AXIS2_PLACEMENT_3D('',#1611,#1287,#1288);
#1141=AXIS2_PLACEMENT_3D('',#1613,#1289,#1290);
#1142=AXIS2_PLACEMENT_3D('',#1615,#1291,#1292);
#1143=AXIS2_PLACEMENT_3D('',#1617,#1293,#1294);
#1144=AXIS2_PLACEMENT_3D('',#1648,#1310,#1311);
#1145=AXIS2_PLACEMENT_3D('',#1659,#1318,#1319);
#1146=AXIS2_PLACEMENT_3D('',#1663,#1322,#1323);
#1147=AXIS2_PLACEMENT_3D('',#1669,#1327,#1328);
#1148=AXIS2_PLACEMENT_3D('',#1675,#1332,#1333);
#1149=AXIS2_PLACEMENT_3D('',#1681,#1337,#1338);
#1150=AXIS2_PLACEMENT_3D('',#1682,#1339,#1340);
#1151=AXIS2_PLACEMENT_3D('',#1684,#1341,#1342);
#1152=AXIS2_PLACEMENT_3D('',#1686,#1343,#1344);
#1153=AXIS2_PLACEMENT_3D('',#1688,#1345,#1346);
#1154=AXIS2_PLACEMENT_3D('',#1690,#1347,#1348);
#1155=AXIS2_PLACEMENT_3D('',#1692,#1349,#1350);
#1156=AXIS2_PLACEMENT_3D('',#1694,#1352,#1353);
#1157=AXIS2_PLACEMENT_3D('',#1695,#1354,#1355);
#1158=AXIS2_PLACEMENT_3D('',#1701,#1359,#1360);
#1159=AXIS2_PLACEMENT_3D('',#1707,#1364,#1365);
#1160=AXIS2_PLACEMENT_3D('',#1713,#1369,#1370);
#1161=AXIS2_PLACEMENT_3D('',#1729,#1380,#1381);
#1162=AXIS2_PLACEMENT_3D('',#1734,#1385,#1386);
#1163=AXIS2_PLACEMENT_3D('',#1738,#1389,#1390);
#1164=AXIS2_PLACEMENT_3D('',#1741,#1393,#1394);
#1165=AXIS2_PLACEMENT_3D('',#1742,#1395,#1396);
#1166=AXIS2_PLACEMENT_3D('',#1744,#1397,#1398);
#1167=AXIS2_PLACEMENT_3D('',#1745,#1399,#1400);
#1168=AXIS2_PLACEMENT_3D('',#1746,#1401,#1402);
#1169=AXIS2_PLACEMENT_3D('',#1748,#1403,#1404);
#1170=AXIS2_PLACEMENT_3D('',#1750,#1405,#1406);
#1171=AXIS2_PLACEMENT_3D('',#1752,#1407,#1408);
#1172=AXIS2_PLACEMENT_3D('',#1754,#1409,#1410);
#1173=AXIS2_PLACEMENT_3D('',#1755,#1411,#1412);
#1174=AXIS2_PLACEMENT_3D('',#1757,#1413,#1414);
#1175=AXIS2_PLACEMENT_3D('',#1758,#1415,#1416);
#1176=AXIS2_PLACEMENT_3D('',#1759,#1417,#1418);
#1177=AXIS2_PLACEMENT_3D('',#1761,#1419,#1420);
#1178=AXIS2_PLACEMENT_3D('',#1762,#1421,#1422);
#1179=AXIS2_PLACEMENT_3D('',#1763,#1423,#1424);
#1180=AXIS2_PLACEMENT_3D('',#1765,#1425,#1426);
#1181=AXIS2_PLACEMENT_3D('',#1766,#1427,#1428);
#1182=AXIS2_PLACEMENT_3D('',#1767,#1429,#1430);
#1183=AXIS2_PLACEMENT_3D('',#1769,#1431,#1432);
#1184=AXIS2_PLACEMENT_3D('',#1770,#1433,#1434);
#1185=AXIS2_PLACEMENT_3D('',#1772,#1436,#1437);
#1186=AXIS2_PLACEMENT_3D('',#1773,#1438,#1439);
#1187=AXIS2_PLACEMENT_3D('',#1774,#1440,#1441);
#1188=AXIS2_PLACEMENT_3D('',#1775,#1442,#1443);
#1189=AXIS2_PLACEMENT_3D('',#1777,#1445,#1446);
#1190=AXIS2_PLACEMENT_3D('',#1778,#1447,#1448);
#1191=AXIS2_PLACEMENT_3D('',#1779,#1449,#1450);
#1192=AXIS2_PLACEMENT_3D('',#1781,#1451,#1452);
#1193=AXIS2_PLACEMENT_3D('',#1782,#1453,#1454);
#1194=AXIS2_PLACEMENT_3D('',#1784,#1455,#1456);
#1195=AXIS2_PLACEMENT_3D('',#1785,#1457,#1458);
#1196=AXIS2_PLACEMENT_3D('',#1787,#1459,#1460);
#1197=AXIS2_PLACEMENT_3D('',#1788,#1461,#1462);
#1198=AXIS2_PLACEMENT_3D('',#1790,#1463,#1464);
#1199=AXIS2_PLACEMENT_3D('',#1791,#1465,#1466);
#1200=AXIS2_PLACEMENT_3D('',#1794,#1468,#1469);
#1201=AXIS2_PLACEMENT_3D('',#1795,#1470,#1471);
#1202=AXIS2_PLACEMENT_3D('',#1796,#1472,#1473);
#1203=AXIS2_PLACEMENT_3D('',#1798,#1475,#1476);
#1204=AXIS2_PLACEMENT_3D('',#1800,#1478,#1479);
#1205=AXIS2_PLACEMENT_3D('',#1801,#1480,#1481);
#1206=AXIS2_PLACEMENT_3D('',#1804,#1483,#1484);
#1207=AXIS2_PLACEMENT_3D('',#1807,#1486,#1487);
#1208=AXIS2_PLACEMENT_3D('',#1810,#1490,#1491);
#1209=AXIS2_PLACEMENT_3D('',#1811,#1492,#1493);
#1210=AXIS2_PLACEMENT_3D('',#1812,#1494,#1495);
#1211=AXIS2_PLACEMENT_3D('',#1815,#1497,#1498);
#1212=AXIS2_PLACEMENT_3D('',#1818,#1500,#1501);
#1213=AXIS2_PLACEMENT_3D('',#1820,#1503,#1504);
#1214=AXIS2_PLACEMENT_3D('',#1822,#1506,#1507);
#1215=AXIS2_PLACEMENT_3D('',#1823,#1508,#1509);
#1216=AXIS2_PLACEMENT_3D('',#1824,#1510,#1511);
#1217=AXIS2_PLACEMENT_3D('',#1826,#1513,#1514);
#1218=DIRECTION('',(0.,0.,1.));
#1219=DIRECTION('',(1.,0.,0.));
#1220=DIRECTION('',(0.,0.,1.));
#1221=DIRECTION('',(1.,0.,0.));
#1222=DIRECTION('',(1.,0.,0.));
#1223=DIRECTION('',(0.,1.,0.));
#1224=DIRECTION('',(1.,0.,0.));
#1225=DIRECTION('',(0.,1.,0.));
#1226=DIRECTION('',(1.,-3.64246399155235E-16,0.));
#1227=DIRECTION('',(0.,1.,0.));
#1228=DIRECTION('',(1.,0.,0.));
#1229=DIRECTION('',(0.,1.,0.));
#1230=DIRECTION('',(1.,0.,0.));
#1231=DIRECTION('',(0.,1.,0.));
#1232=DIRECTION('',(1.,0.,0.));
#1233=DIRECTION('',(0.,1.,0.));
#1234=DIRECTION('',(5.78241158658936E-17,0.,1.));
#1235=DIRECTION('',(1.,0.,-5.78241158658936E-17));
#1236=DIRECTION('',(1.,0.,-5.78241158658936E-17));
#1237=DIRECTION('',(0.,1.,0.));
#1238=DIRECTION('',(1.,0.,-5.78241158658936E-17));
#1239=DIRECTION('',(0.,1.,0.));
#1240=DIRECTION('',(1.,0.,0.));
#1241=DIRECTION('',(0.,1.,0.));
#1242=DIRECTION('',(1.,0.,-5.78241158658936E-17));
#1243=DIRECTION('',(0.,1.,0.));
#1244=DIRECTION('',(1.,0.,0.));
#1245=DIRECTION('',(0.,1.,0.));
#1246=DIRECTION('',(0.,-1.,0.));
#1247=DIRECTION('',(1.,0.,0.));
#1248=DIRECTION('',(-1.,0.,0.));
#1249=DIRECTION('',(0.,0.,-1.));
#1250=DIRECTION('',(1.,0.,0.));
#1251=DIRECTION('',(0.,1.,0.));
#1252=DIRECTION('',(0.,0.,1.));
#1253=DIRECTION('',(0.,0.,-1.));
#1254=DIRECTION('',(0.,0.,-1.));
#1255=DIRECTION('',(0.,1.,0.));
#1256=DIRECTION('',(0.,0.,1.));
#1257=DIRECTION('',(-1.,0.,0.));
#1258=DIRECTION('',(0.,0.,-1.));
#1259=DIRECTION('',(0.,1.,0.));
#1260=DIRECTION('',(0.,0.,1.));
#1261=DIRECTION('',(0.,0.,-1.));
#1262=DIRECTION('',(1.,0.,0.));
#1263=DIRECTION('',(0.,0.,-1.));
#1264=DIRECTION('',(0.,1.,0.));
#1265=DIRECTION('',(0.,0.,1.));
#1266=DIRECTION('',(0.,-1.,0.));
#1267=DIRECTION('',(1.,0.,0.));
#1268=DIRECTION('',(0.,1.,0.));
#1269=DIRECTION('',(0.,0.,1.));
#1270=DIRECTION('',(0.,0.,-1.));
#1271=DIRECTION('',(1.,0.,0.));
#1272=DIRECTION('',(0.,0.,-1.));
#1273=DIRECTION('',(0.,0.,-1.));
#1274=DIRECTION('',(0.,0.,-1.));
#1275=DIRECTION('',(0.,0.,-1.));
#1276=DIRECTION('',(0.,1.,0.));
#1277=DIRECTION('',(0.,1.,0.));
#1278=DIRECTION('',(1.,0.,0.));
#1279=DIRECTION('',(0.,0.,-1.));
#1280=DIRECTION('',(0.,0.,-1.));
#1281=DIRECTION('',(0.,0.,-1.));
#1282=DIRECTION('',(0.,0.,-1.));
#1283=DIRECTION('',(0.,1.,0.));
#1284=DIRECTION('',(0.,1.,0.));
#1285=DIRECTION('',(0.,-1.,0.));
#1286=DIRECTION('',(1.,0.,0.));
#1287=DIRECTION('',(0.,-1.,0.));
#1288=DIRECTION('',(0.,0.,-1.));
#1289=DIRECTION('',(0.,-1.,0.));
#1290=DIRECTION('',(0.,0.,-1.));
#1291=DIRECTION('',(0.,-1.,0.));
#1292=DIRECTION('',(0.,0.,-1.));
#1293=DIRECTION('',(0.,-1.,0.));
#1294=DIRECTION('',(0.,0.,-1.));
#1295=DIRECTION('',(1.,0.,0.));
#1296=DIRECTION('',(0.,0.,-1.));
#1297=DIRECTION('',(0.,0.,-1.));
#1298=DIRECTION('',(1.,0.,0.));
#1299=DIRECTION('',(0.,0.,1.));
#1300=DIRECTION('',(1.,0.,0.));
#1301=DIRECTION('',(0.,0.,-1.));
#1302=DIRECTION('',(1.,0.,0.));
#1303=DIRECTION('',(0.,0.,-1.));
#1304=DIRECTION('',(1.,0.,-5.78241158658936E-17));
#1305=DIRECTION('',(4.33680868994202E-16,0.,-1.));
#1306=DIRECTION('',(-1.,0.,-2.16840434497101E-16));
#1307=DIRECTION('',(0.,0.,-1.));
#1308=DIRECTION('',(-1.,0.,0.));
#1309=DIRECTION('',(0.,0.,1.));
#1310=DIRECTION('',(0.,0.,-1.));
#1311=DIRECTION('',(-1.,0.,0.));
#1312=DIRECTION('',(0.,-1.,0.));
#1313=DIRECTION('',(-1.,3.64246399155235E-16,0.));
#1314=DIRECTION('',(0.,-1.,0.));
#1315=DIRECTION('',(0.,1.,0.));
#1316=DIRECTION('',(1.,0.,0.));
#1317=DIRECTION('',(0.,1.,0.));
#1318=DIRECTION('',(1.,0.,0.));
#1319=DIRECTION('',(0.,0.,-1.));
#1320=DIRECTION('',(0.,-1.,0.));
#1321=DIRECTION('',(0.,0.,-1.));
#1322=DIRECTION('',(1.,0.,0.));
#1323=DIRECTION('',(0.,0.,-1.));
#1324=DIRECTION('',(0.,-1.,0.));
#1325=DIRECTION('',(0.,0.,-1.));
#1326=DIRECTION('',(0.,1.,0.));
#1327=DIRECTION('',(1.,0.,0.));
#1328=DIRECTION('',(0.,0.,-1.));
#1329=DIRECTION('',(0.,0.,-1.));
#1330=DIRECTION('',(0.,-1.,0.));
#1331=DIRECTION('',(0.,0.,-1.));
#1332=DIRECTION('',(1.,0.,0.));
#1333=DIRECTION('',(0.,0.,-1.));
#1334=DIRECTION('',(0.,0.,-1.));
#1335=DIRECTION('',(0.,-1.,0.));
#1336=DIRECTION('',(0.,1.,0.));
#1337=DIRECTION('',(0.,-1.,0.));
#1338=DIRECTION('',(1.,0.,0.));
#1339=DIRECTION('',(0.,-1.,0.));
#1340=DIRECTION('',(0.,0.,-1.));
#1341=DIRECTION('',(0.,-1.,0.));
#1342=DIRECTION('',(0.,0.,-1.));
#1343=DIRECTION('',(0.,-1.,0.));
#1344=DIRECTION('',(0.,0.,-1.));
#1345=DIRECTION('',(0.,-1.,0.));
#1346=DIRECTION('',(0.,0.,-1.));
#1347=DIRECTION('',(0.,-1.,0.));
#1348=DIRECTION('',(0.,0.,-1.));
#1349=DIRECTION('',(0.,-1.,0.));
#1350=DIRECTION('',(0.,0.,-1.));
#1351=DIRECTION('',(1.,0.,0.));
#1352=DIRECTION('',(0.,-1.,0.));
#1353=DIRECTION('',(0.,0.,-1.));
#1354=DIRECTION('',(-1.,0.,0.));
#1355=DIRECTION('',(0.,0.,1.));
#1356=DIRECTION('',(0.,1.,0.));
#1357=DIRECTION('',(0.,1.,0.));
#1358=DIRECTION('',(0.,0.,-1.));
#1359=DIRECTION('',(-1.,0.,0.));
#1360=DIRECTION('',(0.,0.,1.));
#1361=DIRECTION('',(0.,1.,0.));
#1362=DIRECTION('',(0.,1.,0.));
#1363=DIRECTION('',(0.,0.,-1.));
#1364=DIRECTION('',(5.78241158658936E-17,0.,1.));
#1365=DIRECTION('',(1.,0.,-5.78241158658936E-17));
#1366=DIRECTION('',(0.,1.,0.));
#1367=DIRECTION('',(0.,1.,0.));
#1368=DIRECTION('',(1.,0.,-5.78241158658936E-17));
#1369=DIRECTION('',(0.,-1.,0.));
#1370=DIRECTION('',(1.,0.,0.));
#1371=DIRECTION('',(0.,0.,-1.));
#1372=DIRECTION('',(1.,0.,0.));
#1373=DIRECTION('',(1.,0.,2.16840434497101E-16));
#1374=DIRECTION('',(0.,0.,-1.));
#1375=DIRECTION('',(1.,0.,0.));
#1376=DIRECTION('',(0.,0.,-1.));
#1377=DIRECTION('',(-1.,0.,0.));
#1378=DIRECTION('',(-1.,0.,0.));
#1379=DIRECTION('',(0.,0.,-1.));
#1380=DIRECTION('',(1.,0.,0.));
#1381=DIRECTION('',(0.,0.,-1.));
#1382=DIRECTION('',(0.,1.,0.));
#1383=DIRECTION('',(0.,1.,0.));
#1384=DIRECTION('',(0.,0.,-1.));
#1385=DIRECTION('',(0.,0.,1.));
#1386=DIRECTION('',(1.,0.,0.));
#1387=DIRECTION('',(0.,1.,0.));
#1388=DIRECTION('',(1.,0.,0.));
#1389=DIRECTION('',(1.,0.,0.));
#1390=DIRECTION('',(0.,0.,-1.));
#1391=DIRECTION('',(0.,0.,-1.));
#1392=DIRECTION('',(0.,1.,0.));
#1393=DIRECTION('',(0.,1.,0.));
#1394=DIRECTION('',(0.,0.,1.));
#1395=DIRECTION('',(0.,-1.,0.));
#1396=DIRECTION('',(0.,0.,-1.));
#1397=DIRECTION('',(0.,0.,1.));
#1398=DIRECTION('',(1.,0.,0.));
#1399=DIRECTION('',(0.,-1.,0.));
#1400=DIRECTION('',(1.,0.,0.));
#1401=DIRECTION('',(0.,1.,0.));
#1402=DIRECTION('',(0.,0.,1.));
#1403=DIRECTION('',(0.,1.,0.));
#1404=DIRECTION('',(0.,0.,1.));
#1405=DIRECTION('',(0.,1.,0.));
#1406=DIRECTION('',(0.,0.,1.));
#1407=DIRECTION('',(0.,1.,0.));
#1408=DIRECTION('',(0.,0.,1.));
#1409=DIRECTION('',(0.,1.,0.));
#1410=DIRECTION('',(0.,0.,1.));
#1411=DIRECTION('',(0.,1.,0.));
#1412=DIRECTION('',(0.,0.,1.));
#1413=DIRECTION('',(0.,-1.,0.));
#1414=DIRECTION('',(0.,0.,-1.));
#1415=DIRECTION('',(0.,1.,0.));
#1416=DIRECTION('',(0.,0.,1.));
#1417=DIRECTION('',(0.,1.,0.));
#1418=DIRECTION('',(0.,0.,1.));
#1419=DIRECTION('',(0.,-1.,0.));
#1420=DIRECTION('',(0.,0.,-1.));
#1421=DIRECTION('',(0.,1.,0.));
#1422=DIRECTION('',(0.,0.,1.));
#1423=DIRECTION('',(0.,1.,0.));
#1424=DIRECTION('',(0.,0.,1.));
#1425=DIRECTION('',(0.,-1.,0.));
#1426=DIRECTION('',(0.,0.,-1.));
#1427=DIRECTION('',(0.,1.,0.));
#1428=DIRECTION('',(0.,0.,1.));
#1429=DIRECTION('',(0.,1.,0.));
#1430=DIRECTION('',(0.,0.,1.));
#1431=DIRECTION('',(0.,-1.,0.));
#1432=DIRECTION('',(0.,0.,-1.));
#1433=DIRECTION('',(-1.,0.,0.));
#1434=DIRECTION('',(0.,0.,1.));
#1435=DIRECTION('',(0.,1.,0.));
#1436=DIRECTION('',(0.,0.,1.));
#1437=DIRECTION('',(1.,0.,0.));
#1438=DIRECTION('',(0.,0.,1.));
#1439=DIRECTION('',(1.,0.,0.));
#1440=DIRECTION('',(2.16840434497101E-16,0.,-1.));
#1441=DIRECTION('',(-1.,0.,-2.16840434497101E-16));
#1442=DIRECTION('',(0.,0.,-1.));
#1443=DIRECTION('',(-1.,0.,0.));
#1444=DIRECTION('',(0.,1.,0.));
#1445=DIRECTION('',(-1.,0.,0.));
#1446=DIRECTION('',(0.,0.,1.));
#1447=DIRECTION('',(0.,-1.,0.));
#1448=DIRECTION('',(0.,0.,-1.));
#1449=DIRECTION('',(0.,-1.,0.));
#1450=DIRECTION('',(0.,0.,-1.));
#1451=DIRECTION('',(0.,-1.,0.));
#1452=DIRECTION('',(0.,0.,-1.));
#1453=DIRECTION('',(0.,-1.,0.));
#1454=DIRECTION('',(0.,0.,-1.));
#1455=DIRECTION('',(0.,-1.,0.));
#1456=DIRECTION('',(0.,0.,-1.));
#1457=DIRECTION('',(0.,-1.,0.));
#1458=DIRECTION('',(0.,0.,-1.));
#1459=DIRECTION('',(0.,-1.,0.));
#1460=DIRECTION('',(0.,0.,-1.));
#1461=DIRECTION('',(0.,-1.,0.));
#1462=DIRECTION('',(0.,0.,-1.));
#1463=DIRECTION('',(0.,-1.,0.));
#1464=DIRECTION('',(0.,0.,-1.));
#1465=DIRECTION('',(0.,-1.,0.));
#1466=DIRECTION('',(0.,0.,-1.));
#1467=DIRECTION('',(0.,1.,0.));
#1468=DIRECTION('',(0.,-1.,0.));
#1469=DIRECTION('',(0.,0.,-1.));
#1470=DIRECTION('',(0.,-1.,0.));
#1471=DIRECTION('',(0.,0.,-1.));
#1472=DIRECTION('',(-1.,0.,0.));
#1473=DIRECTION('',(0.,0.,1.));
#1474=DIRECTION('',(0.,0.,-1.));
#1475=DIRECTION('',(3.64246399155235E-16,1.,0.));
#1476=DIRECTION('',(-1.,3.64246399155235E-16,0.));
#1477=DIRECTION('',(0.,0.,-1.));
#1478=DIRECTION('',(-1.,0.,0.));
#1479=DIRECTION('',(0.,0.,1.));
#1480=DIRECTION('',(0.,-1.,0.));
#1481=DIRECTION('',(1.,0.,0.));
#1482=DIRECTION('',(0.,0.,-1.));
#1483=DIRECTION('',(0.,-1.,0.));
#1484=DIRECTION('',(0.,0.,-1.));
#1485=DIRECTION('',(1.,0.,0.));
#1486=DIRECTION('',(0.,1.,0.));
#1487=DIRECTION('',(0.,0.,1.));
#1488=DIRECTION('',(0.,1.,0.));
#1489=DIRECTION('',(0.,1.,0.));
#1490=DIRECTION('',(0.,0.,1.));
#1491=DIRECTION('',(1.,0.,0.));
#1492=DIRECTION('',(1.,0.,0.));
#1493=DIRECTION('',(0.,0.,-1.));
#1494=DIRECTION('',(0.,-1.,0.));
#1495=DIRECTION('',(1.,0.,0.));
#1496=DIRECTION('',(-1.,0.,0.));
#1497=DIRECTION('',(0.,-1.,0.));
#1498=DIRECTION('',(0.,0.,-1.));
#1499=DIRECTION('',(0.,0.,-1.));
#1500=DIRECTION('',(0.,0.,-1.));
#1501=DIRECTION('',(-1.,0.,0.));
#1502=DIRECTION('',(0.,1.,0.));
#1503=DIRECTION('',(0.,1.,0.));
#1504=DIRECTION('',(0.,0.,1.));
#1505=DIRECTION('',(0.,1.,0.));
#1506=DIRECTION('',(1.,0.,0.));
#1507=DIRECTION('',(0.,0.,-1.));
#1508=DIRECTION('',(0.,-1.,0.));
#1509=DIRECTION('',(1.,0.,0.));
#1510=DIRECTION('',(0.,-1.,0.));
#1511=DIRECTION('',(1.,0.,0.));
#1512=DIRECTION('',(-1.,0.,0.));
#1513=DIRECTION('',(0.,0.,-1.));
#1514=DIRECTION('',(-1.,0.,0.));
#1515=CARTESIAN_POINT('',(0.,0.,0.));
#1516=CARTESIAN_POINT('',(-2.08166817117217E-17,-0.0085,-0.02457));
#1517=CARTESIAN_POINT('',(-2.08166817117217E-17,-0.0195,-0.02457));
#1518=CARTESIAN_POINT('',(0.0143,-0.0195,-0.02457));
#1519=CARTESIAN_POINT('',(0.019,-0.0195,-0.02457));
#1520=CARTESIAN_POINT('',(0.019,-0.0085,-0.02457));
#1521=CARTESIAN_POINT('',(0.019,-0.0225,-0.02457));
#1522=CARTESIAN_POINT('',(-2.08166817117217E-17,-0.0225,-0.02457));
#1523=CARTESIAN_POINT('',(0.009525,-0.0225,-0.02457));
#1524=CARTESIAN_POINT('',(0.009525,-0.0215,-0.02457));
#1525=CARTESIAN_POINT('',(0.009525,-0.0205,-0.02457));
#1526=CARTESIAN_POINT('',(0.,-0.0205,-0.02457));
#1527=CARTESIAN_POINT('',(-0.009525,-0.0205,-0.02457));
#1528=CARTESIAN_POINT('',(-0.009525,-0.0215,-0.02457));
#1529=CARTESIAN_POINT('',(-0.009525,-0.0225,-0.02457));
#1530=CARTESIAN_POINT('',(-2.08166817117217E-17,-0.0225,-0.02457));
#1531=CARTESIAN_POINT('',(-0.019,-0.0225,-0.02457));
#1532=CARTESIAN_POINT('',(-0.019,-0.0085,-0.02457));
#1533=CARTESIAN_POINT('',(-0.019,-0.0195,-0.02457));
#1534=CARTESIAN_POINT('',(-2.08166817117217E-17,-0.0195,-0.02457));
#1535=CARTESIAN_POINT('',(-0.0143,-0.0195,-0.02457));
#1536=CARTESIAN_POINT('',(-0.0143,-0.262817621135332,-0.02457));
#1537=CARTESIAN_POINT('',(-0.0143,-0.006,-0.02457));
#1538=CARTESIAN_POINT('',(-2.08166817117217E-17,-0.006,-0.02457));
#1539=CARTESIAN_POINT('',(0.0143,-0.006,-0.02457));
#1540=CARTESIAN_POINT('',(0.0143,-0.262817621135332,-0.02457));
#1541=CARTESIAN_POINT('',(-1.7347234759768E-18,-0.006,0.0137));
#1542=CARTESIAN_POINT('',(-1.7347234759768E-18,-0.0195,0.0137));
#1543=CARTESIAN_POINT('',(0.015,-0.0195,0.0137));
#1544=CARTESIAN_POINT('',(0.019,-0.0195,0.0137));
#1545=CARTESIAN_POINT('',(0.015,-0.006,0.0137));
#1546=CARTESIAN_POINT('',(0.015,0.,0.0137));
#1547=CARTESIAN_POINT('',(-1.7347234759768E-18,0.,0.0137));
#1548=CARTESIAN_POINT('',(-0.015,0.,0.0137));
#1549=CARTESIAN_POINT('',(-0.015,-0.006,0.0137));
#1550=CARTESIAN_POINT('',(-0.015,-0.006,0.0137));
#1551=CARTESIAN_POINT('',(-2.08166817117217E-17,-0.006,0.0137));
#1552=CARTESIAN_POINT('',(-0.0156125657912962,-0.006,0.0137));
#1553=CARTESIAN_POINT('',(-0.0156125657912962,-0.262817621135332,0.0137));
#1554=CARTESIAN_POINT('',(-0.0156125657912962,-0.0195,0.0137));
#1555=CARTESIAN_POINT('',(-1.7347234759768E-18,-0.0195,0.0137));
#1556=CARTESIAN_POINT('',(-0.019,-0.0195,0.0137));
#1557=CARTESIAN_POINT('',(-0.019,-0.0085,0.0137));
#1558=CARTESIAN_POINT('',(-0.019,-0.0225,0.0137));
#1559=CARTESIAN_POINT('',(-2.08166817117217E-17,-0.0225,0.0137));
#1560=CARTESIAN_POINT('',(0.019,-0.0225,0.0137));
#1561=CARTESIAN_POINT('',(0.019,-0.0085,0.0137));
#1562=CARTESIAN_POINT('',(-2.08166817117217E-17,-0.006,-0.005435));
#1563=CARTESIAN_POINT('',(0.0179,-0.006,0.009));
#1564=CARTESIAN_POINT('',(0.019,-0.006,0.009));
#1565=CARTESIAN_POINT('',(0.0168,-0.006,0.009));
#1566=CARTESIAN_POINT('',(0.019,-0.006,-0.005435));
#1567=CARTESIAN_POINT('',(0.019,-0.006,-0.01987));
#1568=CARTESIAN_POINT('',(0.0179,-0.006,-0.01987));
#1569=CARTESIAN_POINT('',(0.0168,-0.006,-0.01987));
#1570=CARTESIAN_POINT('',(0.0168,-0.006,-0.02237));
#1571=CARTESIAN_POINT('',(0.0143,-0.006,-0.02237));
#1572=CARTESIAN_POINT('',(0.0143,-0.006,-0.02347));
#1573=CARTESIAN_POINT('',(-0.0143,-0.006,-0.02347));
#1574=CARTESIAN_POINT('',(-0.0143,-0.006,-0.02237));
#1575=CARTESIAN_POINT('',(-0.0168,-0.006,-0.02237));
#1576=CARTESIAN_POINT('',(-0.0168,-0.006,-0.01987));
#1577=CARTESIAN_POINT('',(-0.0179,-0.006,-0.01987));
#1578=CARTESIAN_POINT('',(-0.019,-0.006,-0.01987));
#1579=CARTESIAN_POINT('',(-0.019,-0.006,-0.005435));
#1580=CARTESIAN_POINT('',(-0.019,-0.006,0.0103125657912962));
#1581=CARTESIAN_POINT('',(-0.0168,-0.006,0.0115));
#1582=CARTESIAN_POINT('',(-0.015,-0.006,0.00976506484271026));
#1583=CARTESIAN_POINT('',(-0.015,-0.006,-0.0013));
#1584=CARTESIAN_POINT('',(-0.015,-0.006,-0.0163));
#1585=CARTESIAN_POINT('',(0.,-0.006,-0.0163));
#1586=CARTESIAN_POINT('',(0.015,-0.006,-0.0163));
#1587=CARTESIAN_POINT('',(0.015,-0.006,-0.0013));
#1588=CARTESIAN_POINT('',(0.015,-0.006,0.00976506484271023));
#1589=CARTESIAN_POINT('',(0.0168,-0.006,0.0115));
#1590=CARTESIAN_POINT('',(-2.08166817117217E-17,-0.006,-0.005435));
#1591=CARTESIAN_POINT('',(-0.0168,-0.006,0.0115));
#1592=CARTESIAN_POINT('',(-0.015,-0.006,0.0132349351572897));
#1593=CARTESIAN_POINT('',(-0.015,-0.006,-0.0013));
#1594=CARTESIAN_POINT('',(0.019,-0.0085,-0.005435));
#1595=CARTESIAN_POINT('',(0.019,-0.0195,-0.005435));
#1596=CARTESIAN_POINT('',(0.019,-0.0195,0.009));
#1597=CARTESIAN_POINT('',(0.019,-0.0225,-0.005435));
#1598=CARTESIAN_POINT('',(0.019,-0.0195,-0.005435));
#1599=CARTESIAN_POINT('',(0.019,-0.0195,-0.01987));
#1600=CARTESIAN_POINT('',(0.019,-0.262817621135332,-0.01987));
#1601=CARTESIAN_POINT('',(0.019,-0.262817621135332,0.009));
#1602=CARTESIAN_POINT('',(-0.019,-0.0085,-0.005435));
#1603=CARTESIAN_POINT('',(-0.019,-0.0195,-0.005435));
#1604=CARTESIAN_POINT('',(-0.019,-0.0195,-0.01987));
#1605=CARTESIAN_POINT('',(-0.019,-0.0225,-0.005435));
#1606=CARTESIAN_POINT('',(-0.019,-0.0195,-0.005435));
#1607=CARTESIAN_POINT('',(-0.019,-0.0195,0.0103125657912962));
#1608=CARTESIAN_POINT('',(-0.019,-0.262817621135332,0.0103125657912962));
#1609=CARTESIAN_POINT('',(-0.019,-0.262817621135332,-0.01987));
#1610=CARTESIAN_POINT('',(-2.08166817117217E-17,-0.0225,-0.005435));
#1611=CARTESIAN_POINT('',(0.0168,-0.0225,-0.02237));
#1612=CARTESIAN_POINT('',(0.0168,-0.0225,-0.02337));
#1613=CARTESIAN_POINT('',(-0.0168,-0.0225,-0.02237));
#1614=CARTESIAN_POINT('',(-0.0168,-0.0225,-0.02337));
#1615=CARTESIAN_POINT('',(-0.0168,-0.0225,0.0115));
#1616=CARTESIAN_POINT('',(-0.0168,-0.0225,0.0105));
#1617=CARTESIAN_POINT('',(0.0168,-0.0225,0.0115));
#1618=CARTESIAN_POINT('',(0.0168,-0.0225,0.0105));
#1619=CARTESIAN_POINT('',(-2.08166817117217E-17,-0.0225,-0.02207));
#1620=CARTESIAN_POINT('',(0.009525,-0.0225,-0.02207));
#1621=CARTESIAN_POINT('',(0.0125,-0.0225,-0.02207));
#1622=CARTESIAN_POINT('',(0.009525,-0.0225,0.013702));
#1623=CARTESIAN_POINT('',(-0.009525,-0.0225,0.013702));
#1624=CARTESIAN_POINT('',(-0.009525,-0.0225,-0.02207));
#1625=CARTESIAN_POINT('',(-2.08166817117217E-17,-0.0225,-0.02207));
#1626=CARTESIAN_POINT('',(-0.0125,-0.0225,-0.02207));
#1627=CARTESIAN_POINT('',(-0.0125,-0.0225,-0.02007));
#1628=CARTESIAN_POINT('',(-0.0125,-0.0225,-0.01807));
#1629=CARTESIAN_POINT('',(-0.0145,-0.0225,-0.01807));
#1630=CARTESIAN_POINT('',(-0.0165,-0.0225,-0.01807));
#1631=CARTESIAN_POINT('',(-0.0165,-0.0225,-0.005435));
#1632=CARTESIAN_POINT('',(-0.0165,-0.0225,0.0072));
#1633=CARTESIAN_POINT('',(-0.0145,-0.0225,0.0072));
#1634=CARTESIAN_POINT('',(-0.0125,-0.0225,0.0072));
#1635=CARTESIAN_POINT('',(-0.0125,-0.0225,0.0092));
#1636=CARTESIAN_POINT('',(-0.0125,-0.0225,0.0112));
#1637=CARTESIAN_POINT('',(-1.87928376564154E-18,-0.0225,0.0112));
#1638=CARTESIAN_POINT('',(0.0125,-0.0225,0.0112));
#1639=CARTESIAN_POINT('',(0.0125,-0.0225,0.0092));
#1640=CARTESIAN_POINT('',(0.0125,-0.0225,0.0072));
#1641=CARTESIAN_POINT('',(0.0145,-0.0225,0.0072));
#1642=CARTESIAN_POINT('',(0.0165,-0.0225,0.0072));
#1643=CARTESIAN_POINT('',(0.0165,-0.0225,-0.005435));
#1644=CARTESIAN_POINT('',(0.0165,-0.0225,-0.01807));
#1645=CARTESIAN_POINT('',(0.0145,-0.0225,-0.01807));
#1646=CARTESIAN_POINT('',(0.0125,-0.0225,-0.01807));
#1647=CARTESIAN_POINT('',(0.0125,-0.0225,-0.02007));
#1648=CARTESIAN_POINT('',(-2.08166817117217E-17,-0.0085,-0.02207));
#1649=CARTESIAN_POINT('',(-0.009525,-0.0215,-0.02207));
#1650=CARTESIAN_POINT('',(-0.009525,-0.0205,-0.02207));
#1651=CARTESIAN_POINT('',(0.,-0.0205,-0.02207));
#1652=CARTESIAN_POINT('',(0.009525,-0.0205,-0.02207));
#1653=CARTESIAN_POINT('',(0.009525,-0.0215,-0.02207));
#1654=CARTESIAN_POINT('',(0.0125,-0.022502,-0.02207));
#1655=CARTESIAN_POINT('',(0.0125,-0.0085,-0.02207));
#1656=CARTESIAN_POINT('',(-2.08166817117217E-17,-0.0085,-0.02207));
#1657=CARTESIAN_POINT('',(-0.0125,-0.0085,-0.02207));
#1658=CARTESIAN_POINT('',(-0.0125,-0.022502,-0.02207));
#1659=CARTESIAN_POINT('',(-0.015,-0.006,-0.0013));
#1660=CARTESIAN_POINT('',(-0.015,2.00000000000027E-06,0.0132349351572897));
#1661=CARTESIAN_POINT('',(-0.015,0.,0.0132349351572897));
#1662=CARTESIAN_POINT('',(-0.015,0.,-0.0013));
#1663=CARTESIAN_POINT('',(-0.015,-0.006,-0.0013));
#1664=CARTESIAN_POINT('',(-0.015,2.00000000000027E-06,0.00976506484271026));
#1665=CARTESIAN_POINT('',(-0.015,0.,0.00976506484271026));
#1666=CARTESIAN_POINT('',(-0.015,0.,-0.0013));
#1667=CARTESIAN_POINT('',(-0.015,0.,-0.0163));
#1668=CARTESIAN_POINT('',(-0.015,-0.006,-0.0163));
#1669=CARTESIAN_POINT('',(0.015,-0.006,-0.0013));
#1670=CARTESIAN_POINT('',(0.015,-0.0195,-0.0013));
#1671=CARTESIAN_POINT('',(0.015,-0.0195,0.0132349351572898));
#1672=CARTESIAN_POINT('',(0.015,2.00000000000027E-06,0.0132349351572898));
#1673=CARTESIAN_POINT('',(0.015,0.,0.0132349351572898));
#1674=CARTESIAN_POINT('',(0.015,0.,-0.0013));
#1675=CARTESIAN_POINT('',(0.015,-0.006,-0.0013));
#1676=CARTESIAN_POINT('',(0.015,0.,-0.0013));
#1677=CARTESIAN_POINT('',(0.015,0.,0.00976506484271023));
#1678=CARTESIAN_POINT('',(0.015,0.,-0.0163));
#1679=CARTESIAN_POINT('',(0.015,2.00000000000027E-06,0.00976506484271023));
#1680=CARTESIAN_POINT('',(0.015,-0.006,-0.0163));
#1681=CARTESIAN_POINT('',(0.,0.,-0.0013));
#1682=CARTESIAN_POINT('',(-0.008,0.,0.008));
#1683=CARTESIAN_POINT('',(-0.008,0.,0.00655));
#1684=CARTESIAN_POINT('',(0.008,0.,0.008));
#1685=CARTESIAN_POINT('',(0.008,0.,0.00655));
#1686=CARTESIAN_POINT('',(-0.008,0.,-0.008));
#1687=CARTESIAN_POINT('',(-0.008,0.,-0.00945));
#1688=CARTESIAN_POINT('',(0.008,0.,-0.008));
#1689=CARTESIAN_POINT('',(0.008,0.,-0.00945));
#1690=CARTESIAN_POINT('',(0.,0.,4.43934464690916E-19));
#1691=CARTESIAN_POINT('',(0.,0.,-0.00725));
#1692=CARTESIAN_POINT('',(0.0168,0.,0.0115));
#1693=CARTESIAN_POINT('',(0.,0.,-0.0163));
#1694=CARTESIAN_POINT('',(-0.0168,0.,0.0115));
#1695=CARTESIAN_POINT('',(-0.0165,-0.0085,-0.005435));
#1696=CARTESIAN_POINT('',(-0.0165,-0.022502,0.0072));
#1697=CARTESIAN_POINT('',(-0.0165,-0.0085,0.0072));
#1698=CARTESIAN_POINT('',(-0.0165,-0.022502,-0.01807));
#1699=CARTESIAN_POINT('',(-0.0165,-0.0085,-0.01807));
#1700=CARTESIAN_POINT('',(-0.0165,-0.0085,-0.005435));
#1701=CARTESIAN_POINT('',(0.0165,-0.0085,-0.005435));
#1702=CARTESIAN_POINT('',(0.0165,-0.022502,-0.01807));
#1703=CARTESIAN_POINT('',(0.0165,-0.0085,-0.01807));
#1704=CARTESIAN_POINT('',(0.0165,-0.022502,0.0072));
#1705=CARTESIAN_POINT('',(0.0165,-0.0085,0.0072));
#1706=CARTESIAN_POINT('',(0.0165,-0.0085,-0.005435));
#1707=CARTESIAN_POINT('',(-1.87928376564154E-18,-0.006,0.0112));
#1708=CARTESIAN_POINT('',(0.0125,-0.006,0.0112));
#1709=CARTESIAN_POINT('',(0.0125,-0.0015,0.0112));
#1710=CARTESIAN_POINT('',(-0.0125,-0.006,0.0112));
#1711=CARTESIAN_POINT('',(-0.0125,-0.0015,0.0112));
#1712=CARTESIAN_POINT('',(-1.87928376564154E-18,-0.0015,0.0112));
#1713=CARTESIAN_POINT('',(-2.08166817117217E-17,-0.0085,-0.005435));
#1714=CARTESIAN_POINT('',(0.0125,-0.0085,-0.005435));
#1715=CARTESIAN_POINT('',(0.0125,-0.0085,-0.01807));
#1716=CARTESIAN_POINT('',(-2.08166817117217E-17,-0.0085,-0.01807));
#1717=CARTESIAN_POINT('',(-2.35564606015925E-17,-0.0085,0.0072));
#1718=CARTESIAN_POINT('',(0.0125,-0.0085,0.0072));
#1719=CARTESIAN_POINT('',(0.0125,-0.0085,-0.0013));
#1720=CARTESIAN_POINT('',(0.0125,-0.0085,-0.0138));
#1721=CARTESIAN_POINT('',(0.,-0.0085,-0.0138));
#1722=CARTESIAN_POINT('',(-0.0125,-0.0085,-0.0138));
#1723=CARTESIAN_POINT('',(-0.0125,-0.0085,-0.0013));
#1724=CARTESIAN_POINT('',(-0.0125,-0.0085,0.0072));
#1725=CARTESIAN_POINT('',(-2.08166817117217E-17,-0.0085,0.0072));
#1726=CARTESIAN_POINT('',(-2.08166817117217E-17,-0.0085,-0.01807));
#1727=CARTESIAN_POINT('',(-0.0125,-0.0085,-0.01807));
#1728=CARTESIAN_POINT('',(-0.0125,-0.0085,-0.005435));
#1729=CARTESIAN_POINT('',(-0.0125,-0.006,-0.0013));
#1730=CARTESIAN_POINT('',(-0.0125,-0.022502,0.0072));
#1731=CARTESIAN_POINT('',(-0.0125,-0.006,-0.0138));
#1732=CARTESIAN_POINT('',(-0.0125,-0.0015,-0.0138));
#1733=CARTESIAN_POINT('',(-0.0125,-0.0015,-0.0013));
#1734=CARTESIAN_POINT('',(0.,-0.006,-0.0138));
#1735=CARTESIAN_POINT('',(0.0125,-0.006,-0.0138));
#1736=CARTESIAN_POINT('',(0.0125,-0.0015,-0.0138));
#1737=CARTESIAN_POINT('',(0.,-0.0015,-0.0138));
#1738=CARTESIAN_POINT('',(0.0125,-0.006,-0.0013));
#1739=CARTESIAN_POINT('',(0.0125,-0.0015,-0.0013));
#1740=CARTESIAN_POINT('',(0.0125,-0.022502,0.0072));
#1741=CARTESIAN_POINT('',(0.,-0.006002,4.43934464690916E-19));
#1742=CARTESIAN_POINT('',(0.,-0.0015,4.43934464690916E-19));
#1743=CARTESIAN_POINT('',(0.,-0.0015,-0.00725));
#1744=CARTESIAN_POINT('',(0.,-0.006,-0.0163));
#1745=CARTESIAN_POINT('',(0.,-0.0015,-0.0013));
#1746=CARTESIAN_POINT('',(-0.008,-0.0015,0.008));
#1747=CARTESIAN_POINT('',(-0.008,-0.0015,0.011));
#1748=CARTESIAN_POINT('',(0.008,-0.0015,0.008));
#1749=CARTESIAN_POINT('',(0.008,-0.0015,0.011));
#1750=CARTESIAN_POINT('',(-0.008,-0.0015,-0.008));
#1751=CARTESIAN_POINT('',(-0.008,-0.0015,-0.005));
#1752=CARTESIAN_POINT('',(0.008,-0.0015,-0.008));
#1753=CARTESIAN_POINT('',(0.008,-0.0015,-0.005));
#1754=CARTESIAN_POINT('',(0.008,-0.0015,-0.008));
#1755=CARTESIAN_POINT('',(0.008,-0.000199395571675216,-0.008));
#1756=CARTESIAN_POINT('',(0.008,-0.000199395571675216,-0.00655));
#1757=CARTESIAN_POINT('',(0.008,-0.0015,-0.008));
#1758=CARTESIAN_POINT('',(-0.008,-0.0015,-0.008));
#1759=CARTESIAN_POINT('',(-0.008,-0.000199395571675216,-0.008));
#1760=CARTESIAN_POINT('',(-0.008,-0.000199395571675216,-0.00655));
#1761=CARTESIAN_POINT('',(-0.008,-0.0015,-0.008));
#1762=CARTESIAN_POINT('',(0.008,-0.0015,0.008));
#1763=CARTESIAN_POINT('',(0.008,-0.000199395571675216,0.008));
#1764=CARTESIAN_POINT('',(0.008,-0.000199395571675216,0.00945));
#1765=CARTESIAN_POINT('',(0.008,-0.0015,0.008));
#1766=CARTESIAN_POINT('',(-0.008,-0.0015,0.008));
#1767=CARTESIAN_POINT('',(-0.008,-0.000199395571675216,0.008));
#1768=CARTESIAN_POINT('',(-0.008,-0.000199395571675216,0.00945));
#1769=CARTESIAN_POINT('',(-0.008,-0.0015,0.008));
#1770=CARTESIAN_POINT('',(-0.0125,-0.022502,-0.02007));
#1771=CARTESIAN_POINT('',(-0.0125,-0.022502,-0.01807));
#1772=CARTESIAN_POINT('',(-0.0145,-0.022502,-0.01807));
#1773=CARTESIAN_POINT('',(-0.0145,-0.022502,0.0072));
#1774=CARTESIAN_POINT('',(0.0145,-0.022502,0.0072));
#1775=CARTESIAN_POINT('',(0.0145,-0.022502,-0.01807));
#1776=CARTESIAN_POINT('',(0.0125,-0.022502,-0.01807));
#1777=CARTESIAN_POINT('',(0.0125,-0.022502,-0.02007));
#1778=CARTESIAN_POINT('',(0.0168,1.99999999999853E-06,0.0115));
#1779=CARTESIAN_POINT('',(0.0168,-0.0195,0.0115));
#1780=CARTESIAN_POINT('',(0.0168,-0.0195,0.0105));
#1781=CARTESIAN_POINT('',(-0.0168,1.99999999999853E-06,0.0115));
#1782=CARTESIAN_POINT('',(-0.0168,-0.0195,0.0115));
#1783=CARTESIAN_POINT('',(-0.0168,-0.0195,0.0105));
#1784=CARTESIAN_POINT('',(-0.0168,1.99999999999853E-06,-0.02237));
#1785=CARTESIAN_POINT('',(-0.0168,-0.0195,-0.02237));
#1786=CARTESIAN_POINT('',(-0.0168,-0.0195,-0.02337));
#1787=CARTESIAN_POINT('',(0.0168,1.99999999999853E-06,-0.02237));
#1788=CARTESIAN_POINT('',(0.0168,-0.0195,-0.02237));
#1789=CARTESIAN_POINT('',(0.0168,-0.0195,-0.02337));
#1790=CARTESIAN_POINT('',(0.0168,2.00000000000027E-06,0.0115));
#1791=CARTESIAN_POINT('',(0.0168,-0.0195,0.0115));
#1792=CARTESIAN_POINT('',(0.0168,-0.0195,0.009));
#1793=CARTESIAN_POINT('',(0.0168,-0.262817621135332,0.009));
#1794=CARTESIAN_POINT('',(-0.0168,2.00000000000027E-06,0.0115));
#1795=CARTESIAN_POINT('',(-0.0168,-0.0195,0.0115));
#1796=CARTESIAN_POINT('',(-0.009525,-0.0215,0.013702));
#1797=CARTESIAN_POINT('',(-0.009525,-0.0205,0.013702));
#1798=CARTESIAN_POINT('',(0.,-0.0205,0.013702));
#1799=CARTESIAN_POINT('',(0.009525,-0.0205,0.013702));
#1800=CARTESIAN_POINT('',(0.009525,-0.0215,0.013702));
#1801=CARTESIAN_POINT('',(-2.08166817117217E-17,-0.0195,-0.005435));
#1802=CARTESIAN_POINT('',(0.0143,-0.0195,-0.02347));
#1803=CARTESIAN_POINT('',(0.0143,-0.0195,-0.02237));
#1804=CARTESIAN_POINT('',(0.0168,-0.0195,-0.02237));
#1805=CARTESIAN_POINT('',(0.0168,-0.0195,-0.01987));
#1806=CARTESIAN_POINT('',(0.0179,-0.0195,-0.01987));
#1807=CARTESIAN_POINT('',(0.0168,-0.262817621135332,-0.02237));
#1808=CARTESIAN_POINT('',(0.0143,-0.262817621135332,-0.02237));
#1809=CARTESIAN_POINT('',(0.0168,-0.262817621135332,-0.01987));
#1810=CARTESIAN_POINT('',(0.0179,-0.262817621135332,-0.01987));
#1811=CARTESIAN_POINT('',(0.0143,-0.262817621135332,-0.02347));
#1812=CARTESIAN_POINT('',(-2.08166817117217E-17,-0.0195,-0.005435));
#1813=CARTESIAN_POINT('',(-0.0179,-0.0195,-0.01987));
#1814=CARTESIAN_POINT('',(-0.0168,-0.0195,-0.01987));
#1815=CARTESIAN_POINT('',(-0.0168,-0.0195,-0.02237));
#1816=CARTESIAN_POINT('',(-0.0143,-0.0195,-0.02237));
#1817=CARTESIAN_POINT('',(-0.0143,-0.0195,-0.02347));
#1818=CARTESIAN_POINT('',(-0.0179,-0.262817621135332,-0.01987));
#1819=CARTESIAN_POINT('',(-0.0168,-0.262817621135332,-0.01987));
#1820=CARTESIAN_POINT('',(-0.0168,-0.262817621135332,-0.02237));
#1821=CARTESIAN_POINT('',(-0.0143,-0.262817621135332,-0.02237));
#1822=CARTESIAN_POINT('',(-0.0143,-0.262817621135332,-0.02347));
#1823=CARTESIAN_POINT('',(-2.08166817117217E-17,-0.0195,-0.005435));
#1824=CARTESIAN_POINT('',(-2.08166817117217E-17,-0.0195,-0.005435));
#1825=CARTESIAN_POINT('',(0.0179,-0.0195,0.009));
#1826=CARTESIAN_POINT('',(0.0179,-0.262817621135332,0.009));
#1827=MECHANICAL_DESIGN_GEOMETRIC_PRESENTATION_REPRESENTATION('',(#1116),#1828);
#1828=(
GEOMETRIC_REPRESENTATION_CONTEXT(3)
GLOBAL_UNCERTAINTY_ASSIGNED_CONTEXT((#1829))
GLOBAL_UNIT_ASSIGNED_CONTEXT((#1832,#1831,#1830))
REPRESENTATION_CONTEXT('Baffle','TOP_LEVEL_ASSEMBLY_PART')
);
#1829=UNCERTAINTY_MEASURE_WITH_UNIT(LENGTH_MEASURE(1.E-08),#1832,'DISTANCE_ACCURACY_VALUE','Maximum Tolerance applied to model');
#1830=(
NAMED_UNIT(*)
SI_UNIT($,.STERADIAN.)
SOLID_ANGLE_UNIT()
);
#1831=(
NAMED_UNIT(*)
PLANE_ANGLE_UNIT()
SI_UNIT($,.RADIAN.)
);
#1832=(
LENGTH_UNIT()
NAMED_UNIT(*)
SI_UNIT($,.METRE.)
);
#1833=PRODUCT_DEFINITION_SHAPE('','',#1834);
#1834=PRODUCT_DEFINITION('','',#1836,#1835);
#1835=PRODUCT_DEFINITION_CONTEXT('',#1842,'design');
#1836=PRODUCT_DEFINITION_FORMATION_WITH_SPECIFIED_SOURCE('','',#1838,.NOT_KNOWN.);
#1837=PRODUCT_RELATED_PRODUCT_CATEGORY('','',(#1838));
#1838=PRODUCT('Baffle','Baffle','Baffle',(#1840));
#1839=PRODUCT_CATEGORY('','');
#1840=PRODUCT_CONTEXT('',#1842,'mechanical');
#1841=APPLICATION_PROTOCOL_DEFINITION('international standard','ap242_managed_model_based_3d_engineering',2020,#1842);
#1842=APPLICATION_CONTEXT('managed model based 3d engineering');
#1843=COMPOSITE_SHAPE_ASPECT('hole_callout.FeJt9RZ4oWlXDxd_1.JHD.0',$,#1833,$);
#1844=SHAPE_ASPECT('hole_callout.FeJt9RZ4oWlXDxd_1.JHD.0',$,#1833,.T.);
#1845=GEOMETRIC_ITEM_SPECIFIC_USAGE('','',#1844,#11,#1086);
#1846=SHAPE_ASPECT_RELATIONSHIP('','',#1843,#1844);
#1847=SHAPE_ASPECT('hole_callout.FeJt9RZ4oWlXDxd_1.JHD.0',$,#1833,.T.);
#1848=GEOMETRIC_ITEM_SPECIFIC_USAGE('','',#1847,#11,#1085);
#1849=SHAPE_ASPECT_RELATIONSHIP('','',#1843,#1847);
#1850=SHAPE_ASPECT('hole_callout.FeJt9RZ4oWlXDxd_1.JHD.0',$,#1833,.T.);
#1851=GEOMETRIC_ITEM_SPECIFIC_USAGE('','',#1850,#11,#1082);
#1852=SHAPE_ASPECT_RELATIONSHIP('','',#1843,#1850);
#1853=SHAPE_ASPECT('hole_callout.FeJt9RZ4oWlXDxd_1.JHD.0',$,#1833,.T.);
#1854=GEOMETRIC_ITEM_SPECIFIC_USAGE('','',#1853,#11,#1081);
#1855=SHAPE_ASPECT_RELATIONSHIP('','',#1843,#1853);
#1856=SHAPE_ASPECT('hole_callout.FeJt9RZ4oWlXDxd_1.JHD.0',$,#1833,.T.);
#1857=GEOMETRIC_ITEM_SPECIFIC_USAGE('','',#1856,#11,#1088);
#1858=SHAPE_ASPECT_RELATIONSHIP('','',#1843,#1856);
#1859=SHAPE_ASPECT('hole_callout.FeJt9RZ4oWlXDxd_1.JHD.0',$,#1833,.T.);
#1860=GEOMETRIC_ITEM_SPECIFIC_USAGE('','',#1859,#11,#1087);
#1861=SHAPE_ASPECT_RELATIONSHIP('','',#1843,#1859);
#1862=SHAPE_ASPECT('hole_callout.FeJt9RZ4oWlXDxd_1.JHD.0',$,#1833,.T.);
#1863=GEOMETRIC_ITEM_SPECIFIC_USAGE('','',#1862,#11,#1084);
#1864=SHAPE_ASPECT_RELATIONSHIP('','',#1843,#1862);
#1865=SHAPE_ASPECT('hole_callout.FeJt9RZ4oWlXDxd_1.JHD.0',$,#1833,.T.);
#1866=GEOMETRIC_ITEM_SPECIFIC_USAGE('','',#1865,#11,#1083);
#1867=SHAPE_ASPECT_RELATIONSHIP('','',#1843,#1865);
#1868=DIMENSIONAL_SIZE(#1843,'diameter');
#1869=(
LENGTH_UNIT()
NAMED_UNIT(*)
SI_UNIT(.MILLI.,.METRE.)
);
#1871=PRECISION_QUALIFIER(3);
#1870=(
LENGTH_MEASURE_WITH_UNIT()
MEASURE_REPRESENTATION_ITEM()
MEASURE_WITH_UNIT(POSITIVE_LENGTH_MEASURE(2.9),#1869)
QUALIFIED_REPRESENTATION_ITEM((#1871))
REPRESENTATION_ITEM('nominal value')
);
#1872=COMPOUND_REPRESENTATION_ITEM('modifiers',SET_REPRESENTATION_ITEM((#1873)));
#1873=DESCRIPTIVE_REPRESENTATION_ITEM('dimensional note','diameter');
#1874=SHAPE_DIMENSION_REPRESENTATION('',(#1870,#1872),#1828);
#1875=DIMENSIONAL_CHARACTERISTIC_REPRESENTATION(#1868,#1874);
#1876=ANGULAR_SIZE(#1843,'angle',.EQUAL.);
#1878=(
NAMED_UNIT(*)
PLANE_ANGLE_UNIT()
SI_UNIT($,.RADIAN.)
);
#1879=LENGTH_MEASURE_WITH_UNIT(LENGTH_MEASURE(57.2957795130823),#1878);
#1877=(
CONVERSION_BASED_UNIT('degree',#1879)
NAMED_UNIT($)
PLANE_ANGLE_UNIT()
);
#1881=PRECISION_QUALIFIER(3);
#1880=(
MEASURE_REPRESENTATION_ITEM()
MEASURE_WITH_UNIT(PLANE_ANGLE_MEASURE(100.),#1877)
PLANE_ANGLE_MEASURE_WITH_UNIT()
QUALIFIED_REPRESENTATION_ITEM((#1881))
REPRESENTATION_ITEM('nominal value')
);
#1882=SHAPE_DIMENSION_REPRESENTATION('',(#1880),#1828);
#1883=DIMENSIONAL_CHARACTERISTIC_REPRESENTATION(#1876,#1882);
#1884=DIMENSIONAL_SIZE(#1843,'diameter');
#1885=(
LENGTH_UNIT()
NAMED_UNIT(*)
SI_UNIT(.MILLI.,.METRE.)
);
#1887=PRECISION_QUALIFIER(3);
#1886=(
LENGTH_MEASURE_WITH_UNIT()
MEASURE_REPRESENTATION_ITEM()
MEASURE_WITH_UNIT(POSITIVE_LENGTH_MEASURE(6.),#1885)
QUALIFIED_REPRESENTATION_ITEM((#1887))
REPRESENTATION_ITEM('nominal value')
);
#1888=COMPOUND_REPRESENTATION_ITEM('modifiers',SET_REPRESENTATION_ITEM((#1889,#1890)));
#1889=DESCRIPTIVE_REPRESENTATION_ITEM('dimensional note','countersink');
#1890=DESCRIPTIVE_REPRESENTATION_ITEM('dimensional note','diameter');
#1891=SHAPE_DIMENSION_REPRESENTATION('',(#1886,#1888),#1828);
#1892=DIMENSIONAL_CHARACTERISTIC_REPRESENTATION(#1884,#1891);
#1893=PRESENTATION_STYLE_ASSIGNMENT((NULL_STYLE(.NULL.)));
#1894=CARTESIAN_POINT('',(0.008,-0.0015,0.008));
#1895=DIRECTION('',(0.,-1.,0.));
#1896=DIRECTION('',(1.,0.,0.));
#1897=AXIS2_PLACEMENT_3D('',#1894,#1895,#1896);
#1898=PLANE('',#1897);
#1899=ANNOTATION_PLANE('',(#1893),#1898,(#1926));
#1900=CARTESIAN_POINT('',(0.,0.,0.));
#1901=DIRECTION('',(0.,0.,1.));
#1902=DIRECTION('',(1.,0.,0.));
#1903=AXIS2_PLACEMENT_3D('',#1900,#1901,#1902);
#1904=CARTESIAN_POINT('',(0.,0.,0.));
#1905=DIRECTION('',(0.,0.,1.));
#1906=DIRECTION('',(1.,0.,0.));
#1907=AXIS2_PLACEMENT_3D('',#1904,#1905,#1906);
#1908=SHAPE_REPRESENTATION('',(#1907,#1124),#1828);
#1909=REPRESENTATION_MAP(#1903,#1908);
#1910=MAPPED_ITEM('',#1909,#1903);
#1911=PRESENTATION_STYLE_ASSIGNMENT((NULL_STYLE(.NULL.)));
#1912=STYLED_ITEM('',(#1911),#1910);
#1913=DRAUGHTING_MODEL('',(#1899,#1903,#1910,#1912),#1828);
#1914=DRAUGHTING_PRE_DEFINED_CURVE_FONT('continuous');
#1915=COLOUR_RGB('',0.,0.,0.);
#1916=CURVE_STYLE('',#1914,POSITIVE_LENGTH_MEASURE(0.02),#1915);
#1917=PRESENTATION_STYLE_ASSIGNMENT((#1916));
#1918=COORDINATES_LIST('coordinates',4356,((0.0101213,-0.0015000,0.0101213),(0.0115355,-0.0015000,0.0129497),(0.0129497,-0.0015000,0.0115355),(0.0280454,-0.0015000,0.0216437),(0.0281176,-0.0015000,0.0216945),(0.0317424,-0.0015000,0.0253214),(0.0280454,-0.0015000,0.0216437),(0.0317424,-0.0015000,0.0253214),(0.0317916,-0.0015000,0.0253912),(0.0280454,-0.0015000,0.0216437),(0.0317916,-0.0015000,0.0253912),(0.0318080,-0.0015000,0.0254738),(0.0280454,-0.0015000,0.0216437),(0.0318080,-0.0015000,0.0254738),(0.0317919,-0.0015000,0.0255563),(0.0280454,-0.0015000,0.0216437),(0.0317919,-0.0015000,0.0255563),(0.0317434,-0.0015000,0.0256262),(0.0280454,-0.0015000,0.0216437),(0.0317434,-0.0015000,0.0256262),(0.0316736,-0.0015000,0.0256738),(0.0280454,-0.0015000,0.0216437),(0.0316736,-0.0015000,0.0256738),(0.0315910,-0.0015000,0.0256897),(0.0280454,-0.0015000,0.0216437),(0.0315910,-0.0015000,0.0256897),(0.0315088,-0.0015000,0.0256741),(0.0280454,-0.0015000,0.0216437),(0.0315088,-0.0015000,0.0256741),(0.0314397,-0.0015000,0.0256272),(0.0280454,-0.0015000,0.0216437),(0.0314397,-0.0015000,0.0256272),(0.0279641,-0.0015000,0.0221527),(0.0280454,-0.0015000,0.0216437),(0.0279641,-0.0015000,0.0221527),(0.0244896,-0.0015000,0.0256272),(0.0280454,-0.0015000,0.0216437),(0.0244896,-0.0015000,0.0256272),(0.0244192,-0.0015000,0.0256741),(0.0280454,-0.0015000,0.0216437),(0.0244192,-0.0015000,0.0256741),(0.0243372,-0.0015000,0.0256897),(0.0280454,-0.0015000,0.0216437),(0.0243372,-0.0015000,0.0256897),(0.0242552,-0.0015000,0.0256738),(0.0280454,-0.0015000,0.0216437),(0.0242552,-0.0015000,0.0256738),(0.0241848,-0.0015000,0.0256262),(0.0280454,-0.0015000,0.0216437),(0.0241848,-0.0015000,0.0256262),(0.0241372,-0.0015000,0.0255563),(0.0280454,-0.0015000,0.0216437),(0.0241372,-0.0015000,0.0255563),(0.0241213,-0.0015000,0.0254738),(0.0280454,-0.0015000,0.0216437),(0.0241213,-0.0015000,0.0254738),(0.0241369,-0.0015000,0.0253912),(0.0280454,-0.0015000,0.0216437),(0.0241369,-0.0015000,0.0253912),(0.0241838,-0.0015000,0.0253214),(0.0280454,-0.0015000,0.0216437),(0.0241838,-0.0015000,0.0253214),(0.0278117,-0.0015000,0.0216945),(0.0280454,-0.0015000,0.0216437),(0.0278117,-0.0015000,0.0216945),(0.0278837,-0.0015000,0.0216437),(0.0280454,-0.0015000,0.0216437),(0.0278837,-0.0015000,0.0216437),(0.0279641,-0.0015000,0.0216267),(0.0336640,-0.0015000,0.0218051),(0.0337611,-0.0015000,0.0217644),(0.0338591,-0.0015000,0.0217291),(0.0336640,-0.0015000,0.0218051),(0.0338591,-0.0015000,0.0217291),(0.0339581,-0.0015000,0.0216993),(0.0336640,-0.0015000,0.0218051),(0.0339581,-0.0015000,0.0216993),(0.0340580,-0.0015000,0.0216749),(0.0336640,-0.0015000,0.0218051),(0.0340580,-0.0015000,0.0216749),(0.0341589,-0.0015000,0.0216559),(0.0336640,-0.0015000,0.0218051),(0.0341589,-0.0015000,0.0216559),(0.0342607,-0.0015000,0.0216423),(0.0336640,-0.0015000,0.0218051),(0.0342607,-0.0015000,0.0216423),(0.0343635,-0.0015000,0.0216342),(0.0336640,-0.0015000,0.0218051),(0.0343635,-0.0015000,0.0216342),(0.0344673,-0.0015000,0.0216315),(0.0336640,-0.0015000,0.0218051),(0.0344673,-0.0015000,0.0216315),(0.0346031,-0.0015000,0.0216358),(0.0336640,-0.0015000,0.0218051),(0.0346031,-0.0015000,0.0216358),(0.0347363,-0.0015000,0.0216488),(0.0336640,-0.0015000,0.0218051),(0.0347363,-0.0015000,0.0216488),(0.0348670,-0.0015000,0.0216703),(0.0336640,-0.0015000,0.0218051),(0.0348670,-0.0015000,0.0216703),(0.0349951,-0.0015000,0.0217005),(0.0336640,-0.0015000,0.0218051),(0.0349951,-0.0015000,0.0217005),(0.0351207,-0.0015000,0.0217394),(0.0336640,-0.0015000,0.0218051),(0.0351207,-0.0015000,0.0217394),(0.0352438,-0.0015000,0.0217869),(0.0336640,-0.0015000,0.0218051),(0.0352438,-0.0015000,0.0217869),(0.0353643,-0.0015000,0.0218430),(0.0336640,-0.0015000,0.0218051),(0.0353643,-0.0015000,0.0218430),(0.0354822,-0.0015000,0.0219077),(0.0336640,-0.0015000,0.0218051),(0.0354822,-0.0015000,0.0219077),(0.0355958,-0.0015000,0.0219801),(0.0336640,-0.0015000,0.0218051),(0.0355958,-0.0015000,0.0219801),(0.0357032,-0.0015000,0.0220587),(0.0336640,-0.0015000,0.0218051),(0.0357032,-0.0015000,0.0220587),(0.0358043,-0.0015000,0.0221434),(0.0336640,-0.0015000,0.0218051),(0.0358043,-0.0015000,0.0221434),(0.0358992,-0.0015000,0.0222342),(0.0336640,-0.0015000,0.0218051),(0.0358992,-0.0015000,0.0222342),(0.0359879,-0.0015000,0.0223312),(0.0359879,-0.0015000,0.0223312),(0.0360704,-0.0015000,0.0224344),(0.0361467,-0.0015000,0.0225437),(0.0359879,-0.0015000,0.0223312),(0.0361467,-0.0015000,0.0225437),(0.0362167,-0.0015000,0.0226591),(0.0359879,-0.0015000,0.0223312),(0.0362167,-0.0015000,0.0226591),(0.0362797,-0.0015000,0.0227789),(0.0359879,-0.0015000,0.0223312),(0.0362797,-0.0015000,0.0227789),(0.0363343,-0.0015000,0.0229012),(0.0359879,-0.0015000,0.0223312),(0.0363343,-0.0015000,0.0229012),(0.0363805,-0.0015000,0.0230259),(0.0359879,-0.0015000,0.0223312),(0.0363805,-0.0015000,0.0230259),(0.0364183,-0.0015000,0.0231531),(0.0359879,-0.0015000,0.0223312),(0.0364183,-0.0015000,0.0231531),(0.0364477,-0.0015000,0.0232828),(0.0359879,-0.0015000,0.0223312),(0.0364477,-0.0015000,0.0232828),(0.0364687,-0.0015000,0.0234150),(0.0359879,-0.0015000,0.0223312),(0.0364687,-0.0015000,0.0234150),(0.0364813,-0.0015000,0.0235496),(0.0359879,-0.0015000,0.0223312),(0.0364813,-0.0015000,0.0235496),(0.0364855,-0.0015000,0.0236868),(0.0359879,-0.0015000,0.0223312),(0.0364855,-0.0015000,0.0236868),(0.0364813,-0.0015000,0.0238184),(0.0359879,-0.0015000,0.0223312),(0.0364813,-0.0015000,0.0238184),(0.0364687,-0.0015000,0.0239492),(0.0359879,-0.0015000,0.0223312),(0.0364687,-0.0015000,0.0239492),(0.0364477,-0.0015000,0.0240793),(0.0359879,-0.0015000,0.0223312),(0.0364477,-0.0015000,0.0240793),(0.0364183,-0.0015000,0.0242085),(0.0359879,-0.0015000,0.0223312),(0.0364183,-0.0015000,0.0242085),(0.0363805,-0.0015000,0.0243370),(0.0359879,-0.0015000,0.0223312),(0.0363805,-0.0015000,0.0243370),(0.0363343,-0.0015000,0.0244646),(0.0363343,-0.0015000,0.0244646),(0.0359425,-0.0015000,0.0243232),(0.0359791,-0.0015000,0.0242253),(0.0363343,-0.0015000,0.0244646),(0.0359791,-0.0015000,0.0242253),(0.0360090,-0.0015000,0.0241241),(0.0363343,-0.0015000,0.0244646),(0.0360090,-0.0015000,0.0241241),(0.0360323,-0.0015000,0.0240197),(0.0363343,-0.0015000,0.0244646),(0.0360323,-0.0015000,0.0240197),(0.0360489,-0.0015000,0.0239120),(0.0363343,-0.0015000,0.0244646),(0.0360489,-0.0015000,0.0239120),(0.0360589,-0.0015000,0.0238010),(0.0363343,-0.0015000,0.0244646),(0.0360589,-0.0015000,0.0238010),(0.0360622,-0.0015000,0.0236868),(0.0363343,-0.0015000,0.0244646),(0.0360622,-0.0015000,0.0236868),(0.0360588,-0.0015000,0.0235767),(0.0359879,-0.0015000,0.0223312),(0.0363343,-0.0015000,0.0244646),(0.0360588,-0.0015000,0.0235767),(0.0359879,-0.0015000,0.0223312),(0.0360588,-0.0015000,0.0235767),(0.0360488,-0.0015000,0.0234689),(0.0359879,-0.0015000,0.0223312),(0.0360488,-0.0015000,0.0234689),(0.0360320,-0.0015000,0.0233632),(0.0359879,-0.0015000,0.0223312),(0.0360320,-0.0015000,0.0233632),(0.0360085,-0.0015000,0.0232597),(0.0359879,-0.0015000,0.0223312),(0.0360085,-0.0015000,0.0232597),(0.0359783,-0.0015000,0.0231584),(0.0359879,-0.0015000,0.0223312),(0.0359783,-0.0015000,0.0231584),(0.0359414,-0.0015000,0.0230593),(0.0359879,-0.0015000,0.0223312),(0.0359414,-0.0015000,0.0230593),(0.0358977,-0.0015000,0.0229624),(0.0359879,-0.0015000,0.0223312),(0.0358977,-0.0015000,0.0229624),(0.0358474,-0.0015000,0.0228676),(0.0359879,-0.0015000,0.0223312),(0.0358474,-0.0015000,0.0228676),(0.0357915,-0.0015000,0.0227764),(0.0359879,-0.0015000,0.0223312),(0.0357915,-0.0015000,0.0227764),(0.0357309,-0.0015000,0.0226901),(0.0359879,-0.0015000,0.0223312),(0.0357309,-0.0015000,0.0226901),(0.0356654,-0.0015000,0.0226087),(0.0359879,-0.0015000,0.0223312),(0.0356654,-0.0015000,0.0226087),(0.0355952,-0.0015000,0.0225321),(0.0359879,-0.0015000,0.0223312),(0.0355952,-0.0015000,0.0225321),(0.0355202,-0.0015000,0.0224605),(0.0359879,-0.0015000,0.0223312),(0.0355202,-0.0015000,0.0224605),(0.0354404,-0.0015000,0.0223938),(0.0359879,-0.0015000,0.0223312),(0.0354404,-0.0015000,0.0223938),(0.0353557,-0.0015000,0.0223319),(0.0359879,-0.0015000,0.0223312),(0.0353557,-0.0015000,0.0223319),(0.0352663,-0.0015000,0.0222750),(0.0359879,-0.0015000,0.0223312),(0.0352663,-0.0015000,0.0222750),(0.0351737,-0.0015000,0.0222239),(0.0359879,-0.0015000,0.0223312),(0.0351737,-0.0015000,0.0222239),(0.0350791,-0.0015000,0.0221796),(0.0359879,-0.0015000,0.0223312),(0.0350791,-0.0015000,0.0221796),(0.0349823,-0.0015000,0.0221421),(0.0359879,-0.0015000,0.0223312),(0.0349823,-0.0015000,0.0221421),(0.0348835,-0.0015000,0.0221114),(0.0336640,-0.0015000,0.0218051),(0.0359879,-0.0015000,0.0223312),(0.0348835,-0.0015000,0.0221114),(0.0336640,-0.0015000,0.0218051),(0.0348835,-0.0015000,0.0221114),(0.0347826,-0.0015000,0.0220876),(0.0336640,-0.0015000,0.0218051),(0.0347826,-0.0015000,0.0220876),(0.0346796,-0.0015000,0.0220706),(0.0336640,-0.0015000,0.0218051),(0.0346796,-0.0015000,0.0220706),(0.0345745,-0.0015000,0.0220603),(0.0336640,-0.0015000,0.0218051),(0.0345745,-0.0015000,0.0220603),(0.0344673,-0.0015000,0.0220569),(0.0336640,-0.0015000,0.0218051),(0.0344673,-0.0015000,0.0220569),(0.0343137,-0.0015000,0.0220640),(0.0336640,-0.0015000,0.0218051),(0.0343137,-0.0015000,0.0220640),(0.0341641,-0.0015000,0.0220852),(0.0336640,-0.0015000,0.0218051),(0.0341641,-0.0015000,0.0220852),(0.0340184,-0.0015000,0.0221206),(0.0336640,-0.0015000,0.0218051),(0.0340184,-0.0015000,0.0221206),(0.0338767,-0.0015000,0.0221702),(0.0336640,-0.0015000,0.0218051),(0.0338767,-0.0015000,0.0221702),(0.0354738,-0.0015000,0.0249536),(0.0331031,-0.0015000,0.0208303),(0.0336640,-0.0015000,0.0218051),(0.0354738,-0.0015000,0.0249536),(0.0358993,-0.0015000,0.0244178),(0.0359425,-0.0015000,0.0243232),(0.0363343,-0.0015000,0.0244646),(0.0358495,-0.0015000,0.0245091),(0.0358993,-0.0015000,0.0244178),(0.0363343,-0.0015000,0.0244646),(0.0357815,-0.0015000,0.0246131),(0.0358495,-0.0015000,0.0245091),(0.0363343,-0.0015000,0.0244646),(0.0356963,-0.0015000,0.0247218),(0.0357815,-0.0015000,0.0246131),(0.0363343,-0.0015000,0.0244646),(0.0356472,-0.0015000,0.0247780),(0.0356963,-0.0015000,0.0247218),(0.0363343,-0.0015000,0.0244646),(0.0355937,-0.0015000,0.0248353),(0.0356472,-0.0015000,0.0247780),(0.0363343,-0.0015000,0.0244646),(0.0355359,-0.0015000,0.0248939),(0.0355937,-0.0015000,0.0248353),(0.0363343,-0.0015000,0.0244646),(0.0354738,-0.0015000,0.0249536),(0.0355359,-0.0015000,0.0248939),(0.0363343,-0.0015000,0.0244646),(0.0354738,-0.0015000,0.0249536),(0.0363343,-0.0015000,0.0244646),(0.0362797,-0.0015000,0.0245915),(0.0354738,-0.0015000,0.0249536),(0.0362797,-0.0015000,0.0245915),(0.0362167,-0.0015000,0.0247176),(0.0354738,-0.0015000,0.0249536),(0.0362167,-0.0015000,0.0247176),(0.0361665,-0.0015000,0.0248043),(0.0354738,-0.0015000,0.0249536),(0.0361665,-0.0015000,0.0248043),(0.0361117,-0.0015000,0.0248877),(0.0354738,-0.0015000,0.0249536),(0.0361117,-0.0015000,0.0248877),(0.0360524,-0.0015000,0.0249678),(0.0354738,-0.0015000,0.0249536),(0.0360524,-0.0015000,0.0249678),(0.0359884,-0.0015000,0.0250446),(0.0354738,-0.0015000,0.0249536),(0.0359884,-0.0015000,0.0250446),(0.0359198,-0.0015000,0.0251181),(0.0354738,-0.0015000,0.0249536),(0.0359198,-0.0015000,0.0251181),(0.0358466,-0.0015000,0.0251883),(0.0354738,-0.0015000,0.0249536),(0.0358466,-0.0015000,0.0251883),(0.0357689,-0.0015000,0.0252552),(0.0354738,-0.0015000,0.0249536),(0.0357689,-0.0015000,0.0252552),(0.0356865,-0.0015000,0.0253187),(0.0354738,-0.0015000,0.0249536),(0.0356865,-0.0015000,0.0253187),(0.0362284,-0.0015000,0.0262712),(0.0331031,-0.0015000,0.0208303),(0.0354738,-0.0015000,0.0249536),(0.0362284,-0.0015000,0.0262712),(0.0331031,-0.0015000,0.0208303),(0.0362284,-0.0015000,0.0262712),(0.0362569,-0.0015000,0.0263749),(0.0331031,-0.0015000,0.0208303),(0.0362569,-0.0015000,0.0263749),(0.0362495,-0.0015000,0.0264353),(0.0331031,-0.0015000,0.0208303),(0.0362495,-0.0015000,0.0264353),(0.0362109,-0.0015000,0.0265104),(0.0331031,-0.0015000,0.0208303),(0.0362109,-0.0015000,0.0265104),(0.0361458,-0.0015000,0.0265644),(0.0331031,-0.0015000,0.0208303),(0.0361458,-0.0015000,0.0265644),(0.0360432,-0.0015000,0.0265951),(0.0331031,-0.0015000,0.0208303),(0.0360432,-0.0015000,0.0265951),(0.0359828,-0.0015000,0.0265877),(0.0331031,-0.0015000,0.0208303),(0.0359828,-0.0015000,0.0265877),(0.0359072,-0.0015000,0.0265490),(0.0331031,-0.0015000,0.0208303),(0.0359072,-0.0015000,0.0265490),(0.0358516,-0.0015000,0.0264839),(0.0331031,-0.0015000,0.0208303),(0.0358516,-0.0015000,0.0264839),(0.0353161,-0.0015000,0.0255558),(0.0353161,-0.0015000,0.0255558),(0.0352155,-0.0015000,0.0256002),(0.0351116,-0.0015000,0.0256387),(0.0353161,-0.0015000,0.0255558),(0.0351116,-0.0015000,0.0256387),(0.0350043,-0.0015000,0.0256712),(0.0353161,-0.0015000,0.0255558),(0.0350043,-0.0015000,0.0256712),(0.0348938,-0.0015000,0.0256979),(0.0353161,-0.0015000,0.0255558),(0.0348938,-0.0015000,0.0256979),(0.0347800,-0.0015000,0.0257186),(0.0353161,-0.0015000,0.0255558),(0.0347800,-0.0015000,0.0257186),(0.0346628,-0.0015000,0.0257334),(0.0353161,-0.0015000,0.0255558),(0.0346628,-0.0015000,0.0257334),(0.0345424,-0.0015000,0.0257423),(0.0353161,-0.0015000,0.0255558),(0.0345424,-0.0015000,0.0257423),(0.0344186,-0.0015000,0.0257452),(0.0353161,-0.0015000,0.0255558),(0.0344186,-0.0015000,0.0257452),(0.0342940,-0.0015000,0.0257409),(0.0353161,-0.0015000,0.0255558),(0.0342940,-0.0015000,0.0257409),(0.0341705,-0.0015000,0.0257279),(0.0353161,-0.0015000,0.0255558),(0.0341705,-0.0015000,0.0257279),(0.0340481,-0.0015000,0.0257062),(0.0353161,-0.0015000,0.0255558),(0.0340481,-0.0015000,0.0257062),(0.0339268,-0.0015000,0.0256759),(0.0353161,-0.0015000,0.0255558),(0.0339268,-0.0015000,0.0256759),(0.0338065,-0.0015000,0.0256369),(0.0353161,-0.0015000,0.0255558),(0.0338065,-0.0015000,0.0256369),(0.0336874,-0.0015000,0.0255893),(0.0353161,-0.0015000,0.0255558),(0.0336874,-0.0015000,0.0255893),(0.0335693,-0.0015000,0.0255329),(0.0353161,-0.0015000,0.0255558),(0.0335693,-0.0015000,0.0255329),(0.0334524,-0.0015000,0.0254679),(0.0353161,-0.0015000,0.0255558),(0.0334524,-0.0015000,0.0254679),(0.0333392,-0.0015000,0.0253958),(0.0353161,-0.0015000,0.0255558),(0.0333392,-0.0015000,0.0253958),(0.0332322,-0.0015000,0.0253174),(0.0353161,-0.0015000,0.0255558),(0.0332322,-0.0015000,0.0253174),(0.0331313,-0.0015000,0.0252328),(0.0353161,-0.0015000,0.0255558),(0.0331313,-0.0015000,0.0252328),(0.0330364,-0.0015000,0.0251420),(0.0353161,-0.0015000,0.0255558),(0.0330364,-0.0015000,0.0251420),(0.0329477,-0.0015000,0.0250449),(0.0329477,-0.0015000,0.0250449),(0.0328650,-0.0015000,0.0249417),(0.0327884,-0.0015000,0.0248322),(0.0329477,-0.0015000,0.0250449),(0.0327884,-0.0015000,0.0248322),(0.0327179,-0.0015000,0.0247165),(0.0329477,-0.0015000,0.0250449),(0.0327179,-0.0015000,0.0247165),(0.0326546,-0.0015000,0.0245967),(0.0329477,-0.0015000,0.0250449),(0.0326546,-0.0015000,0.0245967),(0.0325998,-0.0015000,0.0244744),(0.0329477,-0.0015000,0.0250449),(0.0325998,-0.0015000,0.0244744),(0.0325534,-0.0015000,0.0243495),(0.0329477,-0.0015000,0.0250449),(0.0325534,-0.0015000,0.0243495),(0.0325155,-0.0015000,0.0242220),(0.0329477,-0.0015000,0.0250449),(0.0325155,-0.0015000,0.0242220),(0.0324859,-0.0015000,0.0240920),(0.0329477,-0.0015000,0.0250449),(0.0324859,-0.0015000,0.0240920),(0.0324649,-0.0015000,0.0239595),(0.0329477,-0.0015000,0.0250449),(0.0324649,-0.0015000,0.0239595),(0.0324522,-0.0015000,0.0238244),(0.0329477,-0.0015000,0.0250449),(0.0324522,-0.0015000,0.0238244),(0.0324480,-0.0015000,0.0236868),(0.0329477,-0.0015000,0.0250449),(0.0324480,-0.0015000,0.0236868),(0.0324522,-0.0015000,0.0235487),(0.0329477,-0.0015000,0.0250449),(0.0324522,-0.0015000,0.0235487),(0.0324648,-0.0015000,0.0234134),(0.0329477,-0.0015000,0.0250449),(0.0324648,-0.0015000,0.0234134),(0.0324858,-0.0015000,0.0232808),(0.0329477,-0.0015000,0.0250449),(0.0324858,-0.0015000,0.0232808),(0.0325152,-0.0015000,0.0231510),(0.0329477,-0.0015000,0.0250449),(0.0325152,-0.0015000,0.0231510),(0.0325530,-0.0015000,0.0230239),(0.0329477,-0.0015000,0.0250449),(0.0325530,-0.0015000,0.0230239),(0.0325992,-0.0015000,0.0228996),(0.0329477,-0.0015000,0.0250449),(0.0325992,-0.0015000,0.0228996),(0.0326538,-0.0015000,0.0227780),(0.0329477,-0.0015000,0.0250449),(0.0326538,-0.0015000,0.0227780),(0.0327168,-0.0015000,0.0226591),(0.0327168,-0.0015000,0.0226591),(0.0330851,-0.0015000,0.0228676),(0.0330358,-0.0015000,0.0229624),(0.0327168,-0.0015000,0.0226591),(0.0330358,-0.0015000,0.0229624),(0.0329930,-0.0015000,0.0230592),(0.0327168,-0.0015000,0.0226591),(0.0329930,-0.0015000,0.0230592),(0.0329568,-0.0015000,0.0231583),(0.0327168,-0.0015000,0.0226591),(0.0329568,-0.0015000,0.0231583),(0.0329272,-0.0015000,0.0232595),(0.0327168,-0.0015000,0.0226591),(0.0329272,-0.0015000,0.0232595),(0.0329041,-0.0015000,0.0233628),(0.0327168,-0.0015000,0.0226591),(0.0329041,-0.0015000,0.0233628),(0.0328877,-0.0015000,0.0234683),(0.0327168,-0.0015000,0.0226591),(0.0328877,-0.0015000,0.0234683),(0.0328778,-0.0015000,0.0235759),(0.0327168,-0.0015000,0.0226591),(0.0328778,-0.0015000,0.0235759),(0.0328745,-0.0015000,0.0236857),(0.0327168,-0.0015000,0.0226591),(0.0328745,-0.0015000,0.0236857),(0.0328778,-0.0015000,0.0237955),(0.0329477,-0.0015000,0.0250449),(0.0327168,-0.0015000,0.0226591),(0.0328778,-0.0015000,0.0237955),(0.0329477,-0.0015000,0.0250449),(0.0328778,-0.0015000,0.0237955),(0.0328879,-0.0015000,0.0239033),(0.0329477,-0.0015000,0.0250449),(0.0328879,-0.0015000,0.0239033),(0.0329046,-0.0015000,0.0240089),(0.0329477,-0.0015000,0.0250449),(0.0329046,-0.0015000,0.0240089),(0.0329279,-0.0015000,0.0241125),(0.0329477,-0.0015000,0.0250449),(0.0329279,-0.0015000,0.0241125),(0.0329580,-0.0015000,0.0242140),(0.0329477,-0.0015000,0.0250449),(0.0329580,-0.0015000,0.0242140),(0.0329948,-0.0015000,0.0243134),(0.0329477,-0.0015000,0.0250449),(0.0329948,-0.0015000,0.0243134),(0.0330382,-0.0015000,0.0244107),(0.0329477,-0.0015000,0.0250449),(0.0330382,-0.0015000,0.0244107),(0.0330883,-0.0015000,0.0245059),(0.0329477,-0.0015000,0.0250449),(0.0330883,-0.0015000,0.0245059),(0.0331441,-0.0015000,0.0245979),(0.0329477,-0.0015000,0.0250449),(0.0331441,-0.0015000,0.0245979),(0.0332048,-0.0015000,0.0246848),(0.0329477,-0.0015000,0.0250449),(0.0332048,-0.0015000,0.0246848),(0.0332702,-0.0015000,0.0247667),(0.0329477,-0.0015000,0.0250449),(0.0332702,-0.0015000,0.0247667),(0.0333404,-0.0015000,0.0248435),(0.0329477,-0.0015000,0.0250449),(0.0333404,-0.0015000,0.0248435),(0.0334155,-0.0015000,0.0249154),(0.0329477,-0.0015000,0.0250449),(0.0334155,-0.0015000,0.0249154),(0.0334953,-0.0015000,0.0249822),(0.0329477,-0.0015000,0.0250449),(0.0334953,-0.0015000,0.0249822),(0.0335799,-0.0015000,0.0250440),(0.0329477,-0.0015000,0.0250449),(0.0335799,-0.0015000,0.0250440),(0.0336693,-0.0015000,0.0251007),(0.0329477,-0.0015000,0.0250449),(0.0336693,-0.0015000,0.0251007),(0.0337614,-0.0015000,0.0251518),(0.0329477,-0.0015000,0.0250449),(0.0337614,-0.0015000,0.0251518),(0.0338540,-0.0015000,0.0251961),(0.0329477,-0.0015000,0.0250449),(0.0338540,-0.0015000,0.0251961),(0.0339471,-0.0015000,0.0252336),(0.0329477,-0.0015000,0.0250449),(0.0339471,-0.0015000,0.0252336),(0.0340408,-0.0015000,0.0252642),(0.0329477,-0.0015000,0.0250449),(0.0340408,-0.0015000,0.0252642),(0.0341350,-0.0015000,0.0252881),(0.0353161,-0.0015000,0.0255558),(0.0329477,-0.0015000,0.0250449),(0.0341350,-0.0015000,0.0252881),(0.0353161,-0.0015000,0.0255558),(0.0341350,-0.0015000,0.0252881),(0.0342297,-0.0015000,0.0253051),(0.0353161,-0.0015000,0.0255558),(0.0342297,-0.0015000,0.0253051),(0.0343249,-0.0015000,0.0253153),(0.0353161,-0.0015000,0.0255558),(0.0343249,-0.0015000,0.0253153),(0.0344207,-0.0015000,0.0253187),(0.0353161,-0.0015000,0.0255558),(0.0344207,-0.0015000,0.0253187),(0.0344271,-0.0015000,0.0253187),(0.0353161,-0.0015000,0.0255558),(0.0344271,-0.0015000,0.0253187),(0.0345208,-0.0015000,0.0253166),(0.0353161,-0.0015000,0.0255558),(0.0345208,-0.0015000,0.0253166),(0.0346120,-0.0015000,0.0253104),(0.0353161,-0.0015000,0.0255558),(0.0346120,-0.0015000,0.0253104),(0.0347006,-0.0015000,0.0253000),(0.0353161,-0.0015000,0.0255558),(0.0347006,-0.0015000,0.0253000),(0.0347866,-0.0015000,0.0252854),(0.0353161,-0.0015000,0.0255558),(0.0347866,-0.0015000,0.0252854),(0.0348702,-0.0015000,0.0252666),(0.0353161,-0.0015000,0.0255558),(0.0348702,-0.0015000,0.0252666),(0.0349512,-0.0015000,0.0252437),(0.0353161,-0.0015000,0.0255558),(0.0349512,-0.0015000,0.0252437),(0.0350296,-0.0015000,0.0252166),(0.0353161,-0.0015000,0.0255558),(0.0350296,-0.0015000,0.0252166),(0.0351055,-0.0015000,0.0251854),(0.0331031,-0.0015000,0.0208303),(0.0353161,-0.0015000,0.0255558),(0.0351055,-0.0015000,0.0251854),(0.0331031,-0.0015000,0.0208303),(0.0351055,-0.0015000,0.0251854),(0.0335010,-0.0015000,0.0223903),(0.0331031,-0.0015000,0.0208303),(0.0335010,-0.0015000,0.0223903),(0.0333806,-0.0015000,0.0224932),(0.0331275,-0.0015000,0.0227983),(0.0330851,-0.0015000,0.0228676),(0.0327168,-0.0015000,0.0226591),(0.0331726,-0.0015000,0.0227318),(0.0331275,-0.0015000,0.0227983),(0.0327168,-0.0015000,0.0226591),(0.0332711,-0.0015000,0.0226070),(0.0331726,-0.0015000,0.0227318),(0.0327168,-0.0015000,0.0226591),(0.0333806,-0.0015000,0.0224932),(0.0332711,-0.0015000,0.0226070),(0.0327168,-0.0015000,0.0226591),(0.0333806,-0.0015000,0.0224932),(0.0327168,-0.0015000,0.0226591),(0.0327748,-0.0015000,0.0225641),(0.0333806,-0.0015000,0.0224932),(0.0327748,-0.0015000,0.0225641),(0.0328364,-0.0015000,0.0224731),(0.0333806,-0.0015000,0.0224932),(0.0328364,-0.0015000,0.0224731),(0.0329018,-0.0015000,0.0223863),(0.0333806,-0.0015000,0.0224932),(0.0329018,-0.0015000,0.0223863),(0.0329708,-0.0015000,0.0223035),(0.0333806,-0.0015000,0.0224932),(0.0329708,-0.0015000,0.0223035),(0.0330436,-0.0015000,0.0222249),(0.0333806,-0.0015000,0.0224932),(0.0330436,-0.0015000,0.0222249),(0.0331200,-0.0015000,0.0221503),(0.0333806,-0.0015000,0.0224932),(0.0331200,-0.0015000,0.0221503),(0.0332002,-0.0015000,0.0220799),(0.0333806,-0.0015000,0.0224932),(0.0332002,-0.0015000,0.0220799),(0.0332841,-0.0015000,0.0220135),(0.0331031,-0.0015000,0.0208303),(0.0333806,-0.0015000,0.0224932),(0.0332841,-0.0015000,0.0220135),(0.0331031,-0.0015000,0.0208303),(0.0332841,-0.0015000,0.0220135),(0.0327285,-0.0015000,0.0210431),(0.0331031,-0.0015000,0.0208303),(0.0327285,-0.0015000,0.0210431),(0.0327009,-0.0015000,0.0209415),(0.0331031,-0.0015000,0.0208303),(0.0327009,-0.0015000,0.0209415),(0.0327073,-0.0015000,0.0208811),(0.0331031,-0.0015000,0.0208303),(0.0327073,-0.0015000,0.0208811),(0.0327464,-0.0015000,0.0208041),(0.0331031,-0.0015000,0.0208303),(0.0327464,-0.0015000,0.0208041),(0.0328089,-0.0015000,0.0207488),(0.0331031,-0.0015000,0.0208303),(0.0328089,-0.0015000,0.0207488),(0.0329137,-0.0015000,0.0207213),(0.0331031,-0.0015000,0.0208303),(0.0329137,-0.0015000,0.0207213),(0.0329740,-0.0015000,0.0207287),(0.0331031,-0.0015000,0.0208303),(0.0329740,-0.0015000,0.0207287),(0.0330465,-0.0015000,0.0207642),(0.0390657,-0.0015000,0.0227468),(0.0390710,-0.0015000,0.0228814),(0.0390698,-0.0015000,0.0229847),(0.0390657,-0.0015000,0.0227468),(0.0390698,-0.0015000,0.0229847),(0.0390659,-0.0015000,0.0230839),(0.0390657,-0.0015000,0.0227468),(0.0390659,-0.0015000,0.0230839),(0.0390594,-0.0015000,0.0231791),(0.0390657,-0.0015000,0.0227468),(0.0390594,-0.0015000,0.0231791),(0.0390504,-0.0015000,0.0232703),(0.0390657,-0.0015000,0.0227468),(0.0390504,-0.0015000,0.0232703),(0.0390388,-0.0015000,0.0233574),(0.0390657,-0.0015000,0.0227468),(0.0390388,-0.0015000,0.0233574),(0.0390246,-0.0015000,0.0234404),(0.0390657,-0.0015000,0.0227468),(0.0390246,-0.0015000,0.0234404),(0.0390078,-0.0015000,0.0235195),(0.0390657,-0.0015000,0.0227468),(0.0390078,-0.0015000,0.0235195),(0.0389885,-0.0015000,0.0235944),(0.0390657,-0.0015000,0.0227468),(0.0389885,-0.0015000,0.0235944),(0.0389421,-0.0015000,0.0237323),(0.0390657,-0.0015000,0.0227468),(0.0389421,-0.0015000,0.0237323),(0.0388853,-0.0015000,0.0238539),(0.0390657,-0.0015000,0.0227468),(0.0388853,-0.0015000,0.0238539),(0.0388182,-0.0015000,0.0239594),(0.0390657,-0.0015000,0.0227468),(0.0388182,-0.0015000,0.0239594),(0.0387408,-0.0015000,0.0240487),(0.0390657,-0.0015000,0.0227468),(0.0387408,-0.0015000,0.0240487),(0.0386614,-0.0015000,0.0241182),(0.0390657,-0.0015000,0.0227468),(0.0386614,-0.0015000,0.0241182),(0.0385795,-0.0015000,0.0241784),(0.0390657,-0.0015000,0.0227468),(0.0385795,-0.0015000,0.0241784),(0.0384953,-0.0015000,0.0242293),(0.0390657,-0.0015000,0.0227468),(0.0384953,-0.0015000,0.0242293),(0.0384088,-0.0015000,0.0242710),(0.0390657,-0.0015000,0.0227468),(0.0384088,-0.0015000,0.0242710),(0.0383199,-0.0015000,0.0243034),(0.0390657,-0.0015000,0.0227468),(0.0383199,-0.0015000,0.0243034),(0.0382287,-0.0015000,0.0243265),(0.0390657,-0.0015000,0.0227468),(0.0382287,-0.0015000,0.0243265),(0.0381351,-0.0015000,0.0243404),(0.0381351,-0.0015000,0.0243404),(0.0380392,-0.0015000,0.0243451),(0.0379505,-0.0015000,0.0243415),(0.0381351,-0.0015000,0.0243404),(0.0379505,-0.0015000,0.0243415),(0.0378651,-0.0015000,0.0243308),(0.0381351,-0.0015000,0.0243404),(0.0378651,-0.0015000,0.0243308),(0.0377828,-0.0015000,0.0243131),(0.0381351,-0.0015000,0.0243404),(0.0377828,-0.0015000,0.0243131),(0.0377037,-0.0015000,0.0242882),(0.0381351,-0.0015000,0.0243404),(0.0377037,-0.0015000,0.0242882),(0.0376277,-0.0015000,0.0242562),(0.0381351,-0.0015000,0.0243404),(0.0376277,-0.0015000,0.0242562),(0.0375550,-0.0015000,0.0242171),(0.0381351,-0.0015000,0.0243404),(0.0375550,-0.0015000,0.0242171),(0.0374854,-0.0015000,0.0241708),(0.0381351,-0.0015000,0.0243404),(0.0374854,-0.0015000,0.0241708),(0.0374190,-0.0015000,0.0241175),(0.0385300,-0.0015000,0.0250184),(0.0385969,-0.0015000,0.0248795),(0.0386800,-0.0015000,0.0247843),(0.0385300,-0.0015000,0.0250184),(0.0386800,-0.0015000,0.0247843),(0.0387959,-0.0015000,0.0247313),(0.0384350,-0.0015000,0.0251388),(0.0385300,-0.0015000,0.0250184),(0.0387959,-0.0015000,0.0247313),(0.0384350,-0.0015000,0.0251388),(0.0387959,-0.0015000,0.0247313),(0.0388719,-0.0015000,0.0247629),(0.0384350,-0.0015000,0.0251388),(0.0388719,-0.0015000,0.0247629),(0.0389327,-0.0015000,0.0248089),(0.0383419,-0.0015000,0.0252175),(0.0384350,-0.0015000,0.0251388),(0.0389327,-0.0015000,0.0248089),(0.0383419,-0.0015000,0.0252175),(0.0389327,-0.0015000,0.0248089),(0.0390086,-0.0015000,0.0249441),(0.0382437,-0.0015000,0.0252737),(0.0383419,-0.0015000,0.0252175),(0.0390086,-0.0015000,0.0249441),(0.0382437,-0.0015000,0.0252737),(0.0390086,-0.0015000,0.0249441),(0.0390023,-0.0015000,0.0250182),(0.0382437,-0.0015000,0.0252737),(0.0390023,-0.0015000,0.0250182),(0.0389532,-0.0015000,0.0251350),(0.0381403,-0.0015000,0.0253075),(0.0382437,-0.0015000,0.0252737),(0.0389532,-0.0015000,0.0251350),(0.0381403,-0.0015000,0.0253075),(0.0389532,-0.0015000,0.0251350),(0.0388917,-0.0015000,0.0252441),(0.0380318,-0.0015000,0.0253187),(0.0381403,-0.0015000,0.0253075),(0.0388917,-0.0015000,0.0252441),(0.0380318,-0.0015000,0.0253187),(0.0388917,-0.0015000,0.0252441),(0.0388177,-0.0015000,0.0253456),(0.0380318,-0.0015000,0.0253187),(0.0388177,-0.0015000,0.0253456),(0.0387313,-0.0015000,0.0254394),(0.0379364,-0.0015000,0.0253067),(0.0380318,-0.0015000,0.0253187),(0.0387313,-0.0015000,0.0254394),(0.0379364,-0.0015000,0.0253067),(0.0387313,-0.0015000,0.0254394),(0.0386546,-0.0015000,0.0255111),(0.0379364,-0.0015000,0.0253067),(0.0386546,-0.0015000,0.0255111),(0.0385749,-0.0015000,0.0255732),(0.0378357,-0.0015000,0.0252708),(0.0379364,-0.0015000,0.0253067),(0.0385749,-0.0015000,0.0255732),(0.0378357,-0.0015000,0.0252708),(0.0385749,-0.0015000,0.0255732),(0.0384921,-0.0015000,0.0256258),(0.0378357,-0.0015000,0.0252708),(0.0384921,-0.0015000,0.0256258),(0.0384061,-0.0015000,0.0256688),(0.0377295,-0.0015000,0.0252110),(0.0378357,-0.0015000,0.0252708),(0.0384061,-0.0015000,0.0256688),(0.0377295,-0.0015000,0.0252110),(0.0384061,-0.0015000,0.0256688),(0.0383172,-0.0015000,0.0257022),(0.0376180,-0.0015000,0.0251272),(0.0377295,-0.0015000,0.0252110),(0.0383172,-0.0015000,0.0257022),(0.0376180,-0.0015000,0.0251272),(0.0383172,-0.0015000,0.0257022),(0.0382251,-0.0015000,0.0257261),(0.0376180,-0.0015000,0.0251272),(0.0382251,-0.0015000,0.0257261),(0.0381300,-0.0015000,0.0257404),(0.0375309,-0.0015000,0.0250309),(0.0376180,-0.0015000,0.0251272),(0.0381300,-0.0015000,0.0257404),(0.0375309,-0.0015000,0.0250309),(0.0381300,-0.0015000,0.0257404),(0.0380318,-0.0015000,0.0257452),(0.0375309,-0.0015000,0.0250309),(0.0380318,-0.0015000,0.0257452),(0.0379466,-0.0015000,0.0257406),(0.0375309,-0.0015000,0.0250309),(0.0379466,-0.0015000,0.0257406),(0.0378611,-0.0015000,0.0257268),(0.0374687,-0.0015000,0.0249039),(0.0375309,-0.0015000,0.0250309),(0.0378611,-0.0015000,0.0257268),(0.0374687,-0.0015000,0.0249039),(0.0378611,-0.0015000,0.0257268),(0.0377752,-0.0015000,0.0257039),(0.0374687,-0.0015000,0.0249039),(0.0377752,-0.0015000,0.0257039),(0.0376889,-0.0015000,0.0256717),(0.0374470,-0.0015000,0.0248288),(0.0374687,-0.0015000,0.0249039),(0.0376889,-0.0015000,0.0256717),(0.0374470,-0.0015000,0.0248288),(0.0376889,-0.0015000,0.0256717),(0.0376021,-0.0015000,0.0256303),(0.0374470,-0.0015000,0.0248288),(0.0376021,-0.0015000,0.0256303),(0.0375150,-0.0015000,0.0255797),(0.0374314,-0.0015000,0.0247462),(0.0374470,-0.0015000,0.0248288),(0.0375150,-0.0015000,0.0255797),(0.0374221,-0.0015000,0.0246558),(0.0374314,-0.0015000,0.0247462),(0.0375150,-0.0015000,0.0255797),(0.0374221,-0.0015000,0.0246558),(0.0375150,-0.0015000,0.0255797),(0.0374275,-0.0015000,0.0255200),(0.0374190,-0.0015000,0.0245578),(0.0374221,-0.0015000,0.0246558),(0.0374275,-0.0015000,0.0255200),(0.0374190,-0.0015000,0.0245578),(0.0374275,-0.0015000,0.0255200),(0.0373396,-0.0015000,0.0254510),(0.0374190,-0.0015000,0.0241175),(0.0374190,-0.0015000,0.0245578),(0.0373396,-0.0015000,0.0254510),(0.0374190,-0.0015000,0.0241175),(0.0373396,-0.0015000,0.0254510),(0.0372578,-0.0015000,0.0253745),(0.0374190,-0.0015000,0.0241175),(0.0372578,-0.0015000,0.0253745),(0.0371868,-0.0015000,0.0252884),(0.0374190,-0.0015000,0.0241175),(0.0371868,-0.0015000,0.0252884),(0.0371268,-0.0015000,0.0251926),(0.0374190,-0.0015000,0.0241175),(0.0371268,-0.0015000,0.0251926),(0.0370777,-0.0015000,0.0250872),(0.0374190,-0.0015000,0.0241175),(0.0370777,-0.0015000,0.0250872),(0.0370395,-0.0015000,0.0249722),(0.0374190,-0.0015000,0.0241175),(0.0370395,-0.0015000,0.0249722),(0.0370122,-0.0015000,0.0248476),(0.0374190,-0.0015000,0.0241175),(0.0370122,-0.0015000,0.0248476),(0.0369958,-0.0015000,0.0247133),(0.0374190,-0.0015000,0.0241175),(0.0369958,-0.0015000,0.0247133),(0.0369904,-0.0015000,0.0245694),(0.0374190,-0.0015000,0.0241175),(0.0369904,-0.0015000,0.0245694),(0.0369904,-0.0015000,0.0232497),(0.0381351,-0.0015000,0.0243404),(0.0374190,-0.0015000,0.0241175),(0.0369904,-0.0015000,0.0232497),(0.0369904,-0.0015000,0.0232497),(0.0373862,-0.0015000,0.0232560),(0.0374017,-0.0015000,0.0233813),(0.0369904,-0.0015000,0.0232497),(0.0374017,-0.0015000,0.0233813),(0.0374481,-0.0015000,0.0235042),(0.0369904,-0.0015000,0.0232497),(0.0374481,-0.0015000,0.0235042),(0.0375255,-0.0015000,0.0236247),(0.0381351,-0.0015000,0.0243404),(0.0369904,-0.0015000,0.0232497),(0.0375255,-0.0015000,0.0236247),(0.0381351,-0.0015000,0.0243404),(0.0375255,-0.0015000,0.0236247),(0.0376338,-0.0015000,0.0237429),(0.0381351,-0.0015000,0.0243404),(0.0376338,-0.0015000,0.0237429),(0.0377294,-0.0015000,0.0238206),(0.0381351,-0.0015000,0.0243404),(0.0377294,-0.0015000,0.0238206),(0.0378288,-0.0015000,0.0238762),(0.0381351,-0.0015000,0.0243404),(0.0378288,-0.0015000,0.0238762),(0.0379321,-0.0015000,0.0239095),(0.0381351,-0.0015000,0.0243404),(0.0379321,-0.0015000,0.0239095),(0.0380392,-0.0015000,0.0239207),(0.0381351,-0.0015000,0.0243404),(0.0380392,-0.0015000,0.0239207),(0.0381449,-0.0015000,0.0239095),(0.0381351,-0.0015000,0.0243404),(0.0381449,-0.0015000,0.0239095),(0.0382471,-0.0015000,0.0238762),(0.0381351,-0.0015000,0.0243404),(0.0382471,-0.0015000,0.0238762),(0.0383460,-0.0015000,0.0238206),(0.0381351,-0.0015000,0.0243404),(0.0383460,-0.0015000,0.0238206),(0.0384413,-0.0015000,0.0237429),(0.0381351,-0.0015000,0.0243404),(0.0384413,-0.0015000,0.0237429),(0.0385298,-0.0015000,0.0236143),(0.0390657,-0.0015000,0.0227468),(0.0381351,-0.0015000,0.0243404),(0.0385298,-0.0015000,0.0236143),(0.0390657,-0.0015000,0.0227468),(0.0385298,-0.0015000,0.0236143),(0.0385645,-0.0015000,0.0235282),(0.0390657,-0.0015000,0.0227468),(0.0385645,-0.0015000,0.0235282),(0.0385929,-0.0015000,0.0234275),(0.0390657,-0.0015000,0.0227468),(0.0385929,-0.0015000,0.0234275),(0.0386151,-0.0015000,0.0233123),(0.0390657,-0.0015000,0.0227468),(0.0386151,-0.0015000,0.0233123),(0.0386308,-0.0015000,0.0231825),(0.0390657,-0.0015000,0.0227468),(0.0386308,-0.0015000,0.0231825),(0.0386403,-0.0015000,0.0230381),(0.0390657,-0.0015000,0.0227468),(0.0386403,-0.0015000,0.0230381),(0.0386435,-0.0015000,0.0228793),(0.0390657,-0.0015000,0.0227468),(0.0386435,-0.0015000,0.0228793),(0.0386401,-0.0015000,0.0227878),(0.0390657,-0.0015000,0.0227468),(0.0386401,-0.0015000,0.0227878),(0.0386300,-0.0015000,0.0227013),(0.0390657,-0.0015000,0.0227468),(0.0386300,-0.0015000,0.0227013),(0.0386131,-0.0015000,0.0226198),(0.0390657,-0.0015000,0.0227468),(0.0386131,-0.0015000,0.0226198),(0.0385895,-0.0015000,0.0225432),(0.0390657,-0.0015000,0.0227468),(0.0385895,-0.0015000,0.0225432),(0.0385220,-0.0015000,0.0224050),(0.0390657,-0.0015000,0.0227468),(0.0385220,-0.0015000,0.0224050),(0.0384276,-0.0015000,0.0222866),(0.0390657,-0.0015000,0.0227468),(0.0384276,-0.0015000,0.0222866),(0.0383363,-0.0015000,0.0222107),(0.0373871,-0.0015000,0.0231658),(0.0373862,-0.0015000,0.0232560),(0.0369904,-0.0015000,0.0232497),(0.0373899,-0.0015000,0.0230796),(0.0373871,-0.0015000,0.0231658),(0.0369904,-0.0015000,0.0232497),(0.0374011,-0.0015000,0.0229192),(0.0373899,-0.0015000,0.0230796),(0.0369904,-0.0015000,0.0232497),(0.0374197,-0.0015000,0.0227748),(0.0374011,-0.0015000,0.0229192),(0.0369904,-0.0015000,0.0232497),(0.0374457,-0.0015000,0.0226464),(0.0374197,-0.0015000,0.0227748),(0.0369904,-0.0015000,0.0232497),(0.0374792,-0.0015000,0.0225340),(0.0374457,-0.0015000,0.0226464),(0.0369904,-0.0015000,0.0232497),(0.0375201,-0.0015000,0.0224377),(0.0374792,-0.0015000,0.0225340),(0.0369904,-0.0015000,0.0232497),(0.0375685,-0.0015000,0.0223573),(0.0375201,-0.0015000,0.0224377),(0.0369904,-0.0015000,0.0232497),(0.0375685,-0.0015000,0.0223573),(0.0369904,-0.0015000,0.0232497),(0.0369917,-0.0015000,0.0231340),(0.0375685,-0.0015000,0.0223573),(0.0369917,-0.0015000,0.0231340),(0.0369957,-0.0015000,0.0230232),(0.0375685,-0.0015000,0.0223573),(0.0369957,-0.0015000,0.0230232),(0.0370024,-0.0015000,0.0229173),(0.0376243,-0.0015000,0.0222929),(0.0375685,-0.0015000,0.0223573),(0.0370024,-0.0015000,0.0229173),(0.0376243,-0.0015000,0.0222929),(0.0370024,-0.0015000,0.0229173),(0.0370118,-0.0015000,0.0228162),(0.0376243,-0.0015000,0.0222929),(0.0370118,-0.0015000,0.0228162),(0.0370238,-0.0015000,0.0227201),(0.0377213,-0.0015000,0.0222142),(0.0376243,-0.0015000,0.0222929),(0.0370238,-0.0015000,0.0227201),(0.0377213,-0.0015000,0.0222142),(0.0370238,-0.0015000,0.0227201),(0.0370386,-0.0015000,0.0226288),(0.0377213,-0.0015000,0.0222142),(0.0370386,-0.0015000,0.0226288),(0.0370560,-0.0015000,0.0225424),(0.0378219,-0.0015000,0.0221580),(0.0377213,-0.0015000,0.0222142),(0.0370560,-0.0015000,0.0225424),(0.0378219,-0.0015000,0.0221580),(0.0370560,-0.0015000,0.0225424),(0.0370761,-0.0015000,0.0224610),(0.0378219,-0.0015000,0.0221580),(0.0370761,-0.0015000,0.0224610),(0.0370989,-0.0015000,0.0223844),(0.0379261,-0.0015000,0.0221243),(0.0378219,-0.0015000,0.0221580),(0.0370989,-0.0015000,0.0223844),(0.0379261,-0.0015000,0.0221243),(0.0370989,-0.0015000,0.0223844),(0.0371243,-0.0015000,0.0223126),(0.0379261,-0.0015000,0.0221243),(0.0371243,-0.0015000,0.0223126),(0.0371832,-0.0015000,0.0221839),(0.0380339,-0.0015000,0.0221130),(0.0379261,-0.0015000,0.0221243),(0.0371832,-0.0015000,0.0221839),(0.0380339,-0.0015000,0.0221130),(0.0371832,-0.0015000,0.0221839),(0.0372529,-0.0015000,0.0220746),(0.0380339,-0.0015000,0.0221130),(0.0372529,-0.0015000,0.0220746),(0.0373333,-0.0015000,0.0219850),(0.0381394,-0.0015000,0.0221239),(0.0380339,-0.0015000,0.0221130),(0.0373333,-0.0015000,0.0219850),(0.0381394,-0.0015000,0.0221239),(0.0373333,-0.0015000,0.0219850),(0.0374126,-0.0015000,0.0219155),(0.0381394,-0.0015000,0.0221239),(0.0374126,-0.0015000,0.0219155),(0.0374946,-0.0015000,0.0218553),(0.0382403,-0.0015000,0.0221564),(0.0381394,-0.0015000,0.0221239),(0.0374946,-0.0015000,0.0218553),(0.0382403,-0.0015000,0.0221564),(0.0374946,-0.0015000,0.0218553),(0.0375792,-0.0015000,0.0218044),(0.0382403,-0.0015000,0.0221564),(0.0375792,-0.0015000,0.0218044),(0.0376664,-0.0015000,0.0217627),(0.0383363,-0.0015000,0.0222107),(0.0382403,-0.0015000,0.0221564),(0.0376664,-0.0015000,0.0217627),(0.0383363,-0.0015000,0.0222107),(0.0376664,-0.0015000,0.0217627),(0.0377562,-0.0015000,0.0217303),(0.0390657,-0.0015000,0.0227468),(0.0383363,-0.0015000,0.0222107),(0.0377562,-0.0015000,0.0217303),(0.0390657,-0.0015000,0.0227468),(0.0377562,-0.0015000,0.0217303),(0.0378486,-0.0015000,0.0217072),(0.0390657,-0.0015000,0.0227468),(0.0378486,-0.0015000,0.0217072),(0.0379436,-0.0015000,0.0216933),(0.0390657,-0.0015000,0.0227468),(0.0379436,-0.0015000,0.0216933),(0.0380413,-0.0015000,0.0216886),(0.0390657,-0.0015000,0.0227468),(0.0380413,-0.0015000,0.0216886),(0.0381365,-0.0015000,0.0216933),(0.0390657,-0.0015000,0.0227468),(0.0381365,-0.0015000,0.0216933),(0.0382291,-0.0015000,0.0217075),(0.0390657,-0.0015000,0.0227468),(0.0382291,-0.0015000,0.0217075),(0.0383191,-0.0015000,0.0217311),(0.0390657,-0.0015000,0.0227468),(0.0383191,-0.0015000,0.0217311),(0.0384064,-0.0015000,0.0217640),(0.0390657,-0.0015000,0.0227468),(0.0384064,-0.0015000,0.0217640),(0.0384911,-0.0015000,0.0218065),(0.0390657,-0.0015000,0.0227468),(0.0384911,-0.0015000,0.0218065),(0.0385731,-0.0015000,0.0218583),(0.0390657,-0.0015000,0.0227468),(0.0385731,-0.0015000,0.0218583),(0.0386525,-0.0015000,0.0219196),(0.0390657,-0.0015000,0.0227468),(0.0386525,-0.0015000,0.0219196),(0.0387292,-0.0015000,0.0219903),(0.0390657,-0.0015000,0.0227468),(0.0387292,-0.0015000,0.0219903),(0.0388093,-0.0015000,0.0220785),(0.0390657,-0.0015000,0.0227468),(0.0388093,-0.0015000,0.0220785),(0.0388788,-0.0015000,0.0221734),(0.0390657,-0.0015000,0.0227468),(0.0388788,-0.0015000,0.0221734),(0.0389375,-0.0015000,0.0222748),(0.0390657,-0.0015000,0.0227468),(0.0389375,-0.0015000,0.0222748),(0.0389856,-0.0015000,0.0223829),(0.0390657,-0.0015000,0.0227468),(0.0389856,-0.0015000,0.0223829),(0.0390230,-0.0015000,0.0224976),(0.0390657,-0.0015000,0.0227468),(0.0390230,-0.0015000,0.0224976),(0.0390497,-0.0015000,0.0226189),(0.0493984,-0.0015000,0.0223553),(0.0494037,-0.0015000,0.0224877),(0.0494037,-0.0015000,0.0241778),(0.0493984,-0.0015000,0.0223553),(0.0494037,-0.0015000,0.0241778),(0.0493984,-0.0015000,0.0243085),(0.0493984,-0.0015000,0.0223553),(0.0493984,-0.0015000,0.0243085),(0.0493825,-0.0015000,0.0244331),(0.0493984,-0.0015000,0.0223553),(0.0493825,-0.0015000,0.0244331),(0.0493560,-0.0015000,0.0245517),(0.0493984,-0.0015000,0.0223553),(0.0493560,-0.0015000,0.0245517),(0.0493188,-0.0015000,0.0246644),(0.0493984,-0.0015000,0.0223553),(0.0493188,-0.0015000,0.0246644),(0.0492710,-0.0015000,0.0247711),(0.0493984,-0.0015000,0.0223553),(0.0492710,-0.0015000,0.0247711),(0.0492126,-0.0015000,0.0248718),(0.0493984,-0.0015000,0.0223553),(0.0492126,-0.0015000,0.0248718),(0.0491436,-0.0015000,0.0249665),(0.0493984,-0.0015000,0.0223553),(0.0491436,-0.0015000,0.0249665),(0.0490640,-0.0015000,0.0250552),(0.0493984,-0.0015000,0.0223553),(0.0490640,-0.0015000,0.0250552),(0.0489873,-0.0015000,0.0251269),(0.0493984,-0.0015000,0.0223553),(0.0489873,-0.0015000,0.0251269),(0.0489076,-0.0015000,0.0251890),(0.0493984,-0.0015000,0.0223553),(0.0489076,-0.0015000,0.0251890),(0.0488247,-0.0015000,0.0252416),(0.0488247,-0.0015000,0.0252416),(0.0487388,-0.0015000,0.0252846),(0.0486499,-0.0015000,0.0253180),(0.0488247,-0.0015000,0.0252416),(0.0486499,-0.0015000,0.0253180),(0.0485578,-0.0015000,0.0253419),(0.0488247,-0.0015000,0.0252416),(0.0485578,-0.0015000,0.0253419),(0.0484627,-0.0015000,0.0253563),(0.0488247,-0.0015000,0.0252416),(0.0484627,-0.0015000,0.0253563),(0.0483645,-0.0015000,0.0253611),(0.0488247,-0.0015000,0.0252416),(0.0483645,-0.0015000,0.0253611),(0.0482674,-0.0015000,0.0253563),(0.0488247,-0.0015000,0.0252416),(0.0482674,-0.0015000,0.0253563),(0.0481730,-0.0015000,0.0253419),(0.0488247,-0.0015000,0.0252416),(0.0481730,-0.0015000,0.0253419),(0.0480812,-0.0015000,0.0253180),(0.0488247,-0.0015000,0.0252416),(0.0480812,-0.0015000,0.0253180),(0.0479922,-0.0015000,0.0252846),(0.0488247,-0.0015000,0.0252416),(0.0479922,-0.0015000,0.0252846),(0.0479058,-0.0015000,0.0252416),(0.0488247,-0.0015000,0.0252416),(0.0479058,-0.0015000,0.0252416),(0.0478221,-0.0015000,0.0251890),(0.0488247,-0.0015000,0.0252416),(0.0478221,-0.0015000,0.0251890),(0.0477411,-0.0015000,0.0251269),(0.0488247,-0.0015000,0.0252416),(0.0477411,-0.0015000,0.0251269),(0.0476628,-0.0015000,0.0250552),(0.0488247,-0.0015000,0.0252416),(0.0476628,-0.0015000,0.0250552),(0.0475832,-0.0015000,0.0249682),(0.0488247,-0.0015000,0.0252416),(0.0475832,-0.0015000,0.0249682),(0.0475141,-0.0015000,0.0248750),(0.0488247,-0.0015000,0.0252416),(0.0475141,-0.0015000,0.0248750),(0.0474558,-0.0015000,0.0247756),(0.0488247,-0.0015000,0.0252416),(0.0474558,-0.0015000,0.0247756),(0.0474080,-0.0015000,0.0246700),(0.0488247,-0.0015000,0.0252416),(0.0474080,-0.0015000,0.0246700),(0.0473708,-0.0015000,0.0245581),(0.0473708,-0.0015000,0.0245581),(0.0473443,-0.0015000,0.0244400),(0.0473284,-0.0015000,0.0243158),(0.0473708,-0.0015000,0.0245581),(0.0473284,-0.0015000,0.0243158),(0.0473231,-0.0015000,0.0241852),(0.0473708,-0.0015000,0.0245581),(0.0473231,-0.0015000,0.0241852),(0.0473231,-0.0015000,0.0241778),(0.0473708,-0.0015000,0.0245581),(0.0473231,-0.0015000,0.0241778),(0.0473231,-0.0015000,0.0224834),(0.0473708,-0.0015000,0.0245581),(0.0473231,-0.0015000,0.0224834),(0.0473284,-0.0015000,0.0223521),(0.0473708,-0.0015000,0.0245581),(0.0473284,-0.0015000,0.0223521),(0.0473443,-0.0015000,0.0222270),(0.0473708,-0.0015000,0.0245581),(0.0473443,-0.0015000,0.0222270),(0.0473708,-0.0015000,0.0221081),(0.0473708,-0.0015000,0.0245581),(0.0473708,-0.0015000,0.0221081),(0.0474080,-0.0015000,0.0219953),(0.0473708,-0.0015000,0.0245581),(0.0474080,-0.0015000,0.0219953),(0.0474558,-0.0015000,0.0218887),(0.0473708,-0.0015000,0.0245581),(0.0474558,-0.0015000,0.0218887),(0.0475141,-0.0015000,0.0217883),(0.0473708,-0.0015000,0.0245581),(0.0475141,-0.0015000,0.0217883),(0.0475832,-0.0015000,0.0216941),(0.0473708,-0.0015000,0.0245581),(0.0475832,-0.0015000,0.0216941),(0.0476628,-0.0015000,0.0216061),(0.0476628,-0.0015000,0.0216061),(0.0479665,-0.0015000,0.0219024),(0.0478725,-0.0015000,0.0220188),(0.0476628,-0.0015000,0.0216061),(0.0478725,-0.0015000,0.0220188),(0.0478054,-0.0015000,0.0221551),(0.0476628,-0.0015000,0.0216061),(0.0478054,-0.0015000,0.0221551),(0.0477651,-0.0015000,0.0223114),(0.0473708,-0.0015000,0.0245581),(0.0476628,-0.0015000,0.0216061),(0.0477651,-0.0015000,0.0223114),(0.0473708,-0.0015000,0.0245581),(0.0477651,-0.0015000,0.0223114),(0.0477550,-0.0015000,0.0223970),(0.0473708,-0.0015000,0.0245581),(0.0477550,-0.0015000,0.0223970),(0.0477517,-0.0015000,0.0224877),(0.0473708,-0.0015000,0.0245581),(0.0477517,-0.0015000,0.0224877),(0.0477517,-0.0015000,0.0241852),(0.0473708,-0.0015000,0.0245581),(0.0477517,-0.0015000,0.0241852),(0.0477550,-0.0015000,0.0242736),(0.0473708,-0.0015000,0.0245581),(0.0477550,-0.0015000,0.0242736),(0.0477650,-0.0015000,0.0243570),(0.0473708,-0.0015000,0.0245581),(0.0477650,-0.0015000,0.0243570),(0.0477816,-0.0015000,0.0244355),(0.0473708,-0.0015000,0.0245581),(0.0477816,-0.0015000,0.0244355),(0.0478049,-0.0015000,0.0245091),(0.0473708,-0.0015000,0.0245581),(0.0478049,-0.0015000,0.0245091),(0.0478713,-0.0015000,0.0246417),(0.0473708,-0.0015000,0.0245581),(0.0478713,-0.0015000,0.0246417),(0.0479644,-0.0015000,0.0247546),(0.0473708,-0.0015000,0.0245581),(0.0479644,-0.0015000,0.0247546),(0.0480597,-0.0015000,0.0248333),(0.0473708,-0.0015000,0.0245581),(0.0480597,-0.0015000,0.0248333),(0.0481581,-0.0015000,0.0248896),(0.0488247,-0.0015000,0.0252416),(0.0473708,-0.0015000,0.0245581),(0.0481581,-0.0015000,0.0248896),(0.0488247,-0.0015000,0.0252416),(0.0481581,-0.0015000,0.0248896),(0.0482597,-0.0015000,0.0249233),(0.0488247,-0.0015000,0.0252416),(0.0482597,-0.0015000,0.0249233),(0.0483645,-0.0015000,0.0249345),(0.0488247,-0.0015000,0.0252416),(0.0483645,-0.0015000,0.0249345),(0.0484735,-0.0015000,0.0249233),(0.0488247,-0.0015000,0.0252416),(0.0484735,-0.0015000,0.0249233),(0.0485764,-0.0015000,0.0248896),(0.0488247,-0.0015000,0.0252416),(0.0485764,-0.0015000,0.0248896),(0.0486730,-0.0015000,0.0248333),(0.0488247,-0.0015000,0.0252416),(0.0486730,-0.0015000,0.0248333),(0.0487634,-0.0015000,0.0247546),(0.0488247,-0.0015000,0.0252416),(0.0487634,-0.0015000,0.0247546),(0.0488565,-0.0015000,0.0246360),(0.0488247,-0.0015000,0.0252416),(0.0488565,-0.0015000,0.0246360),(0.0489230,-0.0015000,0.0245004),(0.0488247,-0.0015000,0.0252416),(0.0489230,-0.0015000,0.0245004),(0.0489629,-0.0015000,0.0243476),(0.0493984,-0.0015000,0.0223553),(0.0488247,-0.0015000,0.0252416),(0.0489629,-0.0015000,0.0243476),(0.0493984,-0.0015000,0.0223553),(0.0489629,-0.0015000,0.0243476),(0.0489728,-0.0015000,0.0242649),(0.0493984,-0.0015000,0.0223553),(0.0489728,-0.0015000,0.0242649),(0.0489762,-0.0015000,0.0241778),(0.0493984,-0.0015000,0.0223553),(0.0489762,-0.0015000,0.0241778),(0.0489762,-0.0015000,0.0224877),(0.0493984,-0.0015000,0.0223553),(0.0489762,-0.0015000,0.0224877),(0.0489728,-0.0015000,0.0223980),(0.0493984,-0.0015000,0.0223553),(0.0489728,-0.0015000,0.0223980),(0.0489629,-0.0015000,0.0223133),(0.0493984,-0.0015000,0.0223553),(0.0489629,-0.0015000,0.0223133),(0.0489463,-0.0015000,0.0222333),(0.0493984,-0.0015000,0.0223553),(0.0489463,-0.0015000,0.0222333),(0.0489230,-0.0015000,0.0221583),(0.0493984,-0.0015000,0.0223553),(0.0489230,-0.0015000,0.0221583),(0.0488565,-0.0015000,0.0220227),(0.0493984,-0.0015000,0.0223553),(0.0488565,-0.0015000,0.0220227),(0.0487634,-0.0015000,0.0219067),(0.0493984,-0.0015000,0.0223553),(0.0487634,-0.0015000,0.0219067),(0.0486722,-0.0015000,0.0218289),(0.0480581,-0.0015000,0.0218265),(0.0479665,-0.0015000,0.0219024),(0.0476628,-0.0015000,0.0216061),(0.0481549,-0.0015000,0.0217722),(0.0480581,-0.0015000,0.0218265),(0.0476628,-0.0015000,0.0216061),(0.0482570,-0.0015000,0.0217397),(0.0481549,-0.0015000,0.0217722),(0.0476628,-0.0015000,0.0216061),(0.0483645,-0.0015000,0.0217289),(0.0482570,-0.0015000,0.0217397),(0.0476628,-0.0015000,0.0216061),(0.0484727,-0.0015000,0.0217400),(0.0483645,-0.0015000,0.0217289),(0.0476628,-0.0015000,0.0216061),(0.0484727,-0.0015000,0.0217400),(0.0476628,-0.0015000,0.0216061),(0.0477397,-0.0015000,0.0215354),(0.0484727,-0.0015000,0.0217400),(0.0477397,-0.0015000,0.0215354),(0.0478195,-0.0015000,0.0214741),(0.0485753,-0.0015000,0.0217733),(0.0484727,-0.0015000,0.0217400),(0.0478195,-0.0015000,0.0214741),(0.0485753,-0.0015000,0.0217733),(0.0478195,-0.0015000,0.0214741),(0.0479022,-0.0015000,0.0214223),(0.0485753,-0.0015000,0.0217733),(0.0479022,-0.0015000,0.0214223),(0.0479880,-0.0015000,0.0213799),(0.0486722,-0.0015000,0.0218289),(0.0485753,-0.0015000,0.0217733),(0.0479880,-0.0015000,0.0213799),(0.0486722,-0.0015000,0.0218289),(0.0479880,-0.0015000,0.0213799),(0.0480766,-0.0015000,0.0213469),(0.0493984,-0.0015000,0.0223553),(0.0486722,-0.0015000,0.0218289),(0.0480766,-0.0015000,0.0213469),(0.0493984,-0.0015000,0.0223553),(0.0480766,-0.0015000,0.0213469),(0.0481682,-0.0015000,0.0213233),(0.0493984,-0.0015000,0.0223553),(0.0481682,-0.0015000,0.0213233),(0.0482627,-0.0015000,0.0213092),(0.0493984,-0.0015000,0.0223553),(0.0482627,-0.0015000,0.0213092),(0.0483602,-0.0015000,0.0213045),(0.0493984,-0.0015000,0.0223553),(0.0483602,-0.0015000,0.0213045),(0.0484594,-0.0015000,0.0213091),(0.0493984,-0.0015000,0.0223553),(0.0484594,-0.0015000,0.0213091),(0.0485553,-0.0015000,0.0213230),(0.0493984,-0.0015000,0.0223553),(0.0485553,-0.0015000,0.0213230),(0.0486479,-0.0015000,0.0213461),(0.0493984,-0.0015000,0.0223553),(0.0486479,-0.0015000,0.0213461),(0.0487373,-0.0015000,0.0213785),(0.0493984,-0.0015000,0.0223553),(0.0487373,-0.0015000,0.0213785),(0.0488233,-0.0015000,0.0214202),(0.0493984,-0.0015000,0.0223553),(0.0488233,-0.0015000,0.0214202),(0.0489061,-0.0015000,0.0214711),(0.0493984,-0.0015000,0.0223553),(0.0489061,-0.0015000,0.0214711),(0.0489856,-0.0015000,0.0215313),(0.0493984,-0.0015000,0.0223553),(0.0489856,-0.0015000,0.0215313),(0.0490619,-0.0015000,0.0216008),(0.0493984,-0.0015000,0.0223553),(0.0490619,-0.0015000,0.0216008),(0.0491420,-0.0015000,0.0216901),(0.0493984,-0.0015000,0.0223553),(0.0491420,-0.0015000,0.0216901),(0.0492115,-0.0015000,0.0217856),(0.0493984,-0.0015000,0.0223553),(0.0492115,-0.0015000,0.0217856),(0.0492702,-0.0015000,0.0218872),(0.0493984,-0.0015000,0.0223553),(0.0492702,-0.0015000,0.0218872),(0.0493183,-0.0015000,0.0219950),(0.0493984,-0.0015000,0.0223553),(0.0493183,-0.0015000,0.0219950),(0.0493557,-0.0015000,0.0221090),(0.0493984,-0.0015000,0.0223553),(0.0493557,-0.0015000,0.0221090),(0.0493824,-0.0015000,0.0222290),(0.0521077,-0.0015000,0.0223553),(0.0521131,-0.0015000,0.0224877),(0.0521131,-0.0015000,0.0241778),(0.0521077,-0.0015000,0.0223553),(0.0521131,-0.0015000,0.0241778),(0.0521078,-0.0015000,0.0243085),(0.0521077,-0.0015000,0.0223553),(0.0521078,-0.0015000,0.0243085),(0.0520918,-0.0015000,0.0244331),(0.0521077,-0.0015000,0.0223553),(0.0520918,-0.0015000,0.0244331),(0.0520653,-0.0015000,0.0245517),(0.0521077,-0.0015000,0.0223553),(0.0520653,-0.0015000,0.0245517),(0.0520281,-0.0015000,0.0246644),(0.0521077,-0.0015000,0.0223553),(0.0520281,-0.0015000,0.0246644),(0.0519804,-0.0015000,0.0247711),(0.0521077,-0.0015000,0.0223553),(0.0519804,-0.0015000,0.0247711),(0.0519220,-0.0015000,0.0248718),(0.0521077,-0.0015000,0.0223553),(0.0519220,-0.0015000,0.0248718),(0.0518530,-0.0015000,0.0249665),(0.0521077,-0.0015000,0.0223553),(0.0518530,-0.0015000,0.0249665),(0.0517733,-0.0015000,0.0250552),(0.0521077,-0.0015000,0.0223553),(0.0517733,-0.0015000,0.0250552),(0.0516967,-0.0015000,0.0251269),(0.0521077,-0.0015000,0.0223553),(0.0516967,-0.0015000,0.0251269),(0.0516169,-0.0015000,0.0251890),(0.0521077,-0.0015000,0.0223553),(0.0516169,-0.0015000,0.0251890),(0.0515341,-0.0015000,0.0252416),(0.0515341,-0.0015000,0.0252416),(0.0514482,-0.0015000,0.0252846),(0.0513592,-0.0015000,0.0253180),(0.0515341,-0.0015000,0.0252416),(0.0513592,-0.0015000,0.0253180),(0.0512671,-0.0015000,0.0253419),(0.0515341,-0.0015000,0.0252416),(0.0512671,-0.0015000,0.0253419),(0.0511720,-0.0015000,0.0253563),(0.0515341,-0.0015000,0.0252416),(0.0511720,-0.0015000,0.0253563),(0.0510738,-0.0015000,0.0253611),(0.0515341,-0.0015000,0.0252416),(0.0510738,-0.0015000,0.0253611),(0.0509767,-0.0015000,0.0253563),(0.0515341,-0.0015000,0.0252416),(0.0509767,-0.0015000,0.0253563),(0.0508823,-0.0015000,0.0253419),(0.0515341,-0.0015000,0.0252416),(0.0508823,-0.0015000,0.0253419),(0.0507906,-0.0015000,0.0253180),(0.0515341,-0.0015000,0.0252416),(0.0507906,-0.0015000,0.0253180),(0.0507015,-0.0015000,0.0252846),(0.0515341,-0.0015000,0.0252416),(0.0507015,-0.0015000,0.0252846),(0.0506151,-0.0015000,0.0252416),(0.0515341,-0.0015000,0.0252416),(0.0506151,-0.0015000,0.0252416),(0.0505315,-0.0015000,0.0251890),(0.0515341,-0.0015000,0.0252416),(0.0505315,-0.0015000,0.0251890),(0.0504504,-0.0015000,0.0251269),(0.0515341,-0.0015000,0.0252416),(0.0504504,-0.0015000,0.0251269),(0.0503721,-0.0015000,0.0250552),(0.0515341,-0.0015000,0.0252416),(0.0503721,-0.0015000,0.0250552),(0.0502925,-0.0015000,0.0249682),(0.0515341,-0.0015000,0.0252416),(0.0502925,-0.0015000,0.0249682),(0.0502235,-0.0015000,0.0248750),(0.0515341,-0.0015000,0.0252416),(0.0502235,-0.0015000,0.0248750),(0.0501651,-0.0015000,0.0247756),(0.0515341,-0.0015000,0.0252416),(0.0501651,-0.0015000,0.0247756),(0.0501173,-0.0015000,0.0246700),(0.0515341,-0.0015000,0.0252416),(0.0501173,-0.0015000,0.0246700),(0.0500802,-0.0015000,0.0245581),(0.0500802,-0.0015000,0.0245581),(0.0500536,-0.0015000,0.0244400),(0.0500377,-0.0015000,0.0243158),(0.0500802,-0.0015000,0.0245581),(0.0500377,-0.0015000,0.0243158),(0.0500324,-0.0015000,0.0241852),(0.0500802,-0.0015000,0.0245581),(0.0500324,-0.0015000,0.0241852),(0.0500324,-0.0015000,0.0241778),(0.0500802,-0.0015000,0.0245581),(0.0500324,-0.0015000,0.0241778),(0.0500324,-0.0015000,0.0224834),(0.0500802,-0.0015000,0.0245581),(0.0500324,-0.0015000,0.0224834),(0.0500377,-0.0015000,0.0223521),(0.0500802,-0.0015000,0.0245581),(0.0500377,-0.0015000,0.0223521),(0.0500536,-0.0015000,0.0222270),(0.0500802,-0.0015000,0.0245581),(0.0500536,-0.0015000,0.0222270),(0.0500802,-0.0015000,0.0221081),(0.0500802,-0.0015000,0.0245581),(0.0500802,-0.0015000,0.0221081),(0.0501173,-0.0015000,0.0219953),(0.0500802,-0.0015000,0.0245581),(0.0501173,-0.0015000,0.0219953),(0.0501651,-0.0015000,0.0218887),(0.0500802,-0.0015000,0.0245581),(0.0501651,-0.0015000,0.0218887),(0.0502235,-0.0015000,0.0217883),(0.0500802,-0.0015000,0.0245581),(0.0502235,-0.0015000,0.0217883),(0.0502925,-0.0015000,0.0216941),(0.0500802,-0.0015000,0.0245581),(0.0502925,-0.0015000,0.0216941),(0.0503721,-0.0015000,0.0216061),(0.0503721,-0.0015000,0.0216061),(0.0506759,-0.0015000,0.0219024),(0.0505819,-0.0015000,0.0220188),(0.0503721,-0.0015000,0.0216061),(0.0505819,-0.0015000,0.0220188),(0.0505147,-0.0015000,0.0221551),(0.0503721,-0.0015000,0.0216061),(0.0505147,-0.0015000,0.0221551),(0.0504744,-0.0015000,0.0223114),(0.0500802,-0.0015000,0.0245581),(0.0503721,-0.0015000,0.0216061),(0.0504744,-0.0015000,0.0223114),(0.0500802,-0.0015000,0.0245581),(0.0504744,-0.0015000,0.0223114),(0.0504644,-0.0015000,0.0223970),(0.0500802,-0.0015000,0.0245581),(0.0504644,-0.0015000,0.0223970),(0.0504610,-0.0015000,0.0224877),(0.0500802,-0.0015000,0.0245581),(0.0504610,-0.0015000,0.0224877),(0.0504610,-0.0015000,0.0241852),(0.0500802,-0.0015000,0.0245581),(0.0504610,-0.0015000,0.0241852),(0.0504643,-0.0015000,0.0242736),(0.0500802,-0.0015000,0.0245581),(0.0504643,-0.0015000,0.0242736),(0.0504743,-0.0015000,0.0243570),(0.0500802,-0.0015000,0.0245581),(0.0504743,-0.0015000,0.0243570),(0.0504909,-0.0015000,0.0244355),(0.0500802,-0.0015000,0.0245581),(0.0504909,-0.0015000,0.0244355),(0.0505142,-0.0015000,0.0245091),(0.0500802,-0.0015000,0.0245581),(0.0505142,-0.0015000,0.0245091),(0.0505807,-0.0015000,0.0246417),(0.0500802,-0.0015000,0.0245581),(0.0505807,-0.0015000,0.0246417),(0.0506737,-0.0015000,0.0247546),(0.0500802,-0.0015000,0.0245581),(0.0506737,-0.0015000,0.0247546),(0.0507690,-0.0015000,0.0248333),(0.0500802,-0.0015000,0.0245581),(0.0507690,-0.0015000,0.0248333),(0.0508674,-0.0015000,0.0248896),(0.0515341,-0.0015000,0.0252416),(0.0500802,-0.0015000,0.0245581),(0.0508674,-0.0015000,0.0248896),(0.0515341,-0.0015000,0.0252416),(0.0508674,-0.0015000,0.0248896),(0.0509690,-0.0015000,0.0249233),(0.0515341,-0.0015000,0.0252416),(0.0509690,-0.0015000,0.0249233),(0.0510738,-0.0015000,0.0249345),(0.0515341,-0.0015000,0.0252416),(0.0510738,-0.0015000,0.0249345),(0.0511829,-0.0015000,0.0249233),(0.0515341,-0.0015000,0.0252416),(0.0511829,-0.0015000,0.0249233),(0.0512857,-0.0015000,0.0248896),(0.0515341,-0.0015000,0.0252416),(0.0512857,-0.0015000,0.0248896),(0.0513824,-0.0015000,0.0248333),(0.0515341,-0.0015000,0.0252416),(0.0513824,-0.0015000,0.0248333),(0.0514728,-0.0015000,0.0247546),(0.0515341,-0.0015000,0.0252416),(0.0514728,-0.0015000,0.0247546),(0.0515658,-0.0015000,0.0246360),(0.0515341,-0.0015000,0.0252416),(0.0515658,-0.0015000,0.0246360),(0.0516323,-0.0015000,0.0245004),(0.0515341,-0.0015000,0.0252416),(0.0516323,-0.0015000,0.0245004),(0.0516722,-0.0015000,0.0243476),(0.0521077,-0.0015000,0.0223553),(0.0515341,-0.0015000,0.0252416),(0.0516722,-0.0015000,0.0243476),(0.0521077,-0.0015000,0.0223553),(0.0516722,-0.0015000,0.0243476),(0.0516822,-0.0015000,0.0242649),(0.0521077,-0.0015000,0.0223553),(0.0516822,-0.0015000,0.0242649),(0.0516855,-0.0015000,0.0241778),(0.0521077,-0.0015000,0.0223553),(0.0516855,-0.0015000,0.0241778),(0.0516855,-0.0015000,0.0224877),(0.0521077,-0.0015000,0.0223553),(0.0516855,-0.0015000,0.0224877),(0.0516822,-0.0015000,0.0223980),(0.0521077,-0.0015000,0.0223553),(0.0516822,-0.0015000,0.0223980),(0.0516722,-0.0015000,0.0223133),(0.0521077,-0.0015000,0.0223553),(0.0516722,-0.0015000,0.0223133),(0.0516556,-0.0015000,0.0222333),(0.0521077,-0.0015000,0.0223553),(0.0516556,-0.0015000,0.0222333),(0.0516323,-0.0015000,0.0221583),(0.0521077,-0.0015000,0.0223553),(0.0516323,-0.0015000,0.0221583),(0.0515658,-0.0015000,0.0220227),(0.0521077,-0.0015000,0.0223553),(0.0515658,-0.0015000,0.0220227),(0.0514728,-0.0015000,0.0219067),(0.0521077,-0.0015000,0.0223553),(0.0514728,-0.0015000,0.0219067),(0.0513816,-0.0015000,0.0218289),(0.0507674,-0.0015000,0.0218265),(0.0506759,-0.0015000,0.0219024),(0.0503721,-0.0015000,0.0216061),(0.0508642,-0.0015000,0.0217722),(0.0507674,-0.0015000,0.0218265),(0.0503721,-0.0015000,0.0216061),(0.0509664,-0.0015000,0.0217397),(0.0508642,-0.0015000,0.0217722),(0.0503721,-0.0015000,0.0216061),(0.0510738,-0.0015000,0.0217289),(0.0509664,-0.0015000,0.0217397),(0.0503721,-0.0015000,0.0216061),(0.0511821,-0.0015000,0.0217400),(0.0510738,-0.0015000,0.0217289),(0.0503721,-0.0015000,0.0216061),(0.0511821,-0.0015000,0.0217400),(0.0503721,-0.0015000,0.0216061),(0.0504490,-0.0015000,0.0215354),(0.0511821,-0.0015000,0.0217400),(0.0504490,-0.0015000,0.0215354),(0.0505288,-0.0015000,0.0214741),(0.0512847,-0.0015000,0.0217733),(0.0511821,-0.0015000,0.0217400),(0.0505288,-0.0015000,0.0214741),(0.0512847,-0.0015000,0.0217733),(0.0505288,-0.0015000,0.0214741),(0.0506116,-0.0015000,0.0214223),(0.0512847,-0.0015000,0.0217733),(0.0506116,-0.0015000,0.0214223),(0.0506973,-0.0015000,0.0213799),(0.0513816,-0.0015000,0.0218289),(0.0512847,-0.0015000,0.0217733),(0.0506973,-0.0015000,0.0213799),(0.0513816,-0.0015000,0.0218289),(0.0506973,-0.0015000,0.0213799),(0.0507859,-0.0015000,0.0213469),(0.0521077,-0.0015000,0.0223553),(0.0513816,-0.0015000,0.0218289),(0.0507859,-0.0015000,0.0213469),(0.0521077,-0.0015000,0.0223553),(0.0507859,-0.0015000,0.0213469),(0.0508775,-0.0015000,0.0213233),(0.0521077,-0.0015000,0.0223553),(0.0508775,-0.0015000,0.0213233),(0.0509721,-0.0015000,0.0213092),(0.0521077,-0.0015000,0.0223553),(0.0509721,-0.0015000,0.0213092),(0.0510696,-0.0015000,0.0213045),(0.0521077,-0.0015000,0.0223553),(0.0510696,-0.0015000,0.0213045),(0.0511687,-0.0015000,0.0213091),(0.0521077,-0.0015000,0.0223553),(0.0511687,-0.0015000,0.0213091),(0.0512646,-0.0015000,0.0213230),(0.0521077,-0.0015000,0.0223553),(0.0512646,-0.0015000,0.0213230),(0.0513572,-0.0015000,0.0213461),(0.0521077,-0.0015000,0.0223553),(0.0513572,-0.0015000,0.0213461),(0.0514466,-0.0015000,0.0213785),(0.0521077,-0.0015000,0.0223553),(0.0514466,-0.0015000,0.0213785),(0.0515327,-0.0015000,0.0214202),(0.0521077,-0.0015000,0.0223553),(0.0515327,-0.0015000,0.0214202),(0.0516155,-0.0015000,0.0214711),(0.0521077,-0.0015000,0.0223553),(0.0516155,-0.0015000,0.0214711),(0.0516950,-0.0015000,0.0215313),(0.0521077,-0.0015000,0.0223553),(0.0516950,-0.0015000,0.0215313),(0.0517712,-0.0015000,0.0216008),(0.0521077,-0.0015000,0.0223553),(0.0517712,-0.0015000,0.0216008),(0.0518513,-0.0015000,0.0216901),(0.0521077,-0.0015000,0.0223553),(0.0518513,-0.0015000,0.0216901),(0.0519208,-0.0015000,0.0217856),(0.0521077,-0.0015000,0.0223553),(0.0519208,-0.0015000,0.0217856),(0.0519795,-0.0015000,0.0218872),(0.0521077,-0.0015000,0.0223553),(0.0519795,-0.0015000,0.0218872),(0.0520276,-0.0015000,0.0219950),(0.0521077,-0.0015000,0.0223553),(0.0520276,-0.0015000,0.0219950),(0.0520650,-0.0015000,0.0221090),(0.0521077,-0.0015000,0.0223553),(0.0520650,-0.0015000,0.0221090),(0.0520917,-0.0015000,0.0222290),(0.0425172,-0.0015000,0.0236921),(0.0413805,-0.0015000,0.0252679),(0.0413181,-0.0015000,0.0253237),(0.0425172,-0.0015000,0.0236921),(0.0413181,-0.0015000,0.0253237),(0.0412387,-0.0015000,0.0253515),(0.0425172,-0.0015000,0.0236921),(0.0412387,-0.0015000,0.0253515),(0.0412048,-0.0015000,0.0253568),(0.0425172,-0.0015000,0.0236921),(0.0412048,-0.0015000,0.0253568),(0.0410842,-0.0015000,0.0253145),(0.0425172,-0.0015000,0.0236921),(0.0410842,-0.0015000,0.0253145),(0.0410244,-0.0015000,0.0252513),(0.0425172,-0.0015000,0.0236921),(0.0410244,-0.0015000,0.0252513),(0.0409932,-0.0015000,0.0251758),(0.0425172,-0.0015000,0.0236921),(0.0409932,-0.0015000,0.0251758),(0.0409910,-0.0015000,0.0251409),(0.0425172,-0.0015000,0.0236921),(0.0409910,-0.0015000,0.0251409),(0.0410334,-0.0015000,0.0250203),(0.0425172,-0.0015000,0.0236921),(0.0410334,-0.0015000,0.0250203),(0.0422526,-0.0015000,0.0233312),(0.0425172,-0.0015000,0.0236921),(0.0422526,-0.0015000,0.0233312),(0.0410334,-0.0015000,0.0216410),(0.0425172,-0.0015000,0.0236921),(0.0410334,-0.0015000,0.0216410),(0.0409910,-0.0015000,0.0215204),(0.0436538,-0.0015000,0.0252679),(0.0425172,-0.0015000,0.0236921),(0.0409910,-0.0015000,0.0215204),(0.0436538,-0.0015000,0.0252679),(0.0409910,-0.0015000,0.0215204),(0.0409932,-0.0015000,0.0214854),(0.0436538,-0.0015000,0.0252679),(0.0409932,-0.0015000,0.0214854),(0.0410231,-0.0015000,0.0214053),(0.0436538,-0.0015000,0.0252679),(0.0410231,-0.0015000,0.0214053),(0.0410789,-0.0015000,0.0213447),(0.0436538,-0.0015000,0.0252679),(0.0410789,-0.0015000,0.0213447),(0.0412048,-0.0015000,0.0213045),(0.0436538,-0.0015000,0.0252679),(0.0412048,-0.0015000,0.0213045),(0.0412387,-0.0015000,0.0213076),(0.0436538,-0.0015000,0.0252679),(0.0412387,-0.0015000,0.0213076),(0.0413175,-0.0015000,0.0213359),(0.0436538,-0.0015000,0.0252679),(0.0413175,-0.0015000,0.0213359),(0.0413784,-0.0015000,0.0213934),(0.0436538,-0.0015000,0.0252679),(0.0413784,-0.0015000,0.0213934),(0.0425172,-0.0015000,0.0229650),(0.0425172,-0.0015000,0.0229650),(0.0436538,-0.0015000,0.0213934),(0.0437163,-0.0015000,0.0213359),(0.0425172,-0.0015000,0.0229650),(0.0437163,-0.0015000,0.0213359),(0.0437977,-0.0015000,0.0213076),(0.0425172,-0.0015000,0.0229650),(0.0437977,-0.0015000,0.0213076),(0.0438316,-0.0015000,0.0213045),(0.0425172,-0.0015000,0.0229650),(0.0438316,-0.0015000,0.0213045),(0.0439565,-0.0015000,0.0213447),(0.0425172,-0.0015000,0.0229650),(0.0439565,-0.0015000,0.0213447),(0.0440118,-0.0015000,0.0214053),(0.0425172,-0.0015000,0.0229650),(0.0440118,-0.0015000,0.0214053),(0.0440380,-0.0015000,0.0214854),(0.0425172,-0.0015000,0.0229650),(0.0440380,-0.0015000,0.0214854),(0.0440401,-0.0015000,0.0215204),(0.0425172,-0.0015000,0.0229650),(0.0440401,-0.0015000,0.0215204),(0.0440009,-0.0015000,0.0216410),(0.0425172,-0.0015000,0.0229650),(0.0440009,-0.0015000,0.0216410),(0.0427807,-0.0015000,0.0233312),(0.0436538,-0.0015000,0.0252679),(0.0425172,-0.0015000,0.0229650),(0.0427807,-0.0015000,0.0233312),(0.0436538,-0.0015000,0.0252679),(0.0427807,-0.0015000,0.0233312),(0.0440009,-0.0015000,0.0250203),(0.0436538,-0.0015000,0.0252679),(0.0440009,-0.0015000,0.0250203),(0.0440454,-0.0015000,0.0251409),(0.0436538,-0.0015000,0.0252679),(0.0440454,-0.0015000,0.0251409),(0.0440401,-0.0015000,0.0251758),(0.0436538,-0.0015000,0.0252679),(0.0440401,-0.0015000,0.0251758),(0.0440113,-0.0015000,0.0252513),(0.0436538,-0.0015000,0.0252679),(0.0440113,-0.0015000,0.0252513),(0.0439523,-0.0015000,0.0253145),(0.0436538,-0.0015000,0.0252679),(0.0439523,-0.0015000,0.0253145),(0.0438316,-0.0015000,0.0253568),(0.0436538,-0.0015000,0.0252679),(0.0438316,-0.0015000,0.0253568),(0.0437977,-0.0015000,0.0253515),(0.0436538,-0.0015000,0.0252679),(0.0437977,-0.0015000,0.0253515),(0.0437163,-0.0015000,0.0253237),(0.0531763,-0.0015000,0.0258045),(0.0531068,-0.0015000,0.0257410),(0.0530436,-0.0015000,0.0256715),(0.0531763,-0.0015000,0.0258045),(0.0530436,-0.0015000,0.0256715),(0.0529888,-0.0015000,0.0255985),(0.0531763,-0.0015000,0.0258045),(0.0529888,-0.0015000,0.0255985),(0.0529424,-0.0015000,0.0255220),(0.0531763,-0.0015000,0.0258045),(0.0529424,-0.0015000,0.0255220),(0.0529044,-0.0015000,0.0254420),(0.0531763,-0.0015000,0.0258045),(0.0529044,-0.0015000,0.0254420),(0.0528749,-0.0015000,0.0253585),(0.0531763,-0.0015000,0.0258045),(0.0528749,-0.0015000,0.0253585),(0.0528538,-0.0015000,0.0252715),(0.0531763,-0.0015000,0.0258045),(0.0528538,-0.0015000,0.0252715),(0.0528412,-0.0015000,0.0251810),(0.0531763,-0.0015000,0.0258045),(0.0528412,-0.0015000,0.0251810),(0.0528370,-0.0015000,0.0250869),(0.0531763,-0.0015000,0.0258045),(0.0528370,-0.0015000,0.0250869),(0.0528412,-0.0015000,0.0249929),(0.0531763,-0.0015000,0.0258045),(0.0528412,-0.0015000,0.0249929),(0.0528538,-0.0015000,0.0249024),(0.0531763,-0.0015000,0.0258045),(0.0528538,-0.0015000,0.0249024),(0.0528749,-0.0015000,0.0248154),(0.0531763,-0.0015000,0.0258045),(0.0528749,-0.0015000,0.0248154),(0.0529044,-0.0015000,0.0247319),(0.0531763,-0.0015000,0.0258045),(0.0529044,-0.0015000,0.0247319),(0.0529424,-0.0015000,0.0246519),(0.0531763,-0.0015000,0.0258045),(0.0529424,-0.0015000,0.0246519),(0.0529888,-0.0015000,0.0245754),(0.0531763,-0.0015000,0.0258045),(0.0529888,-0.0015000,0.0245754),(0.0530436,-0.0015000,0.0245024),(0.0531763,-0.0015000,0.0258045),(0.0530436,-0.0015000,0.0245024),(0.0531068,-0.0015000,0.0244329),(0.0531763,-0.0015000,0.0258045),(0.0531068,-0.0015000,0.0244329),(0.0531763,-0.0015000,0.0243694),(0.0531763,-0.0015000,0.0258045),(0.0531763,-0.0015000,0.0243694),(0.0532493,-0.0015000,0.0243144),(0.0531763,-0.0015000,0.0258045),(0.0532493,-0.0015000,0.0243144),(0.0533258,-0.0015000,0.0242678),(0.0533258,-0.0015000,0.0242678),(0.0534058,-0.0015000,0.0242297),(0.0534893,-0.0015000,0.0242001),(0.0533258,-0.0015000,0.0242678),(0.0534893,-0.0015000,0.0242001),(0.0535763,-0.0015000,0.0241789),(0.0533258,-0.0015000,0.0242678),(0.0535763,-0.0015000,0.0241789),(0.0536669,-0.0015000,0.0241662),(0.0533258,-0.0015000,0.0242678),(0.0536669,-0.0015000,0.0241662),(0.0537609,-0.0015000,0.0241620),(0.0533258,-0.0015000,0.0242678),(0.0537609,-0.0015000,0.0241620),(0.0538552,-0.0015000,0.0241662),(0.0533258,-0.0015000,0.0242678),(0.0538552,-0.0015000,0.0241662),(0.0539458,-0.0015000,0.0241789),(0.0533258,-0.0015000,0.0242678),(0.0539458,-0.0015000,0.0241789),(0.0540330,-0.0015000,0.0242001),(0.0533258,-0.0015000,0.0242678),(0.0540330,-0.0015000,0.0242001),(0.0541165,-0.0015000,0.0242297),(0.0533258,-0.0015000,0.0242678),(0.0541165,-0.0015000,0.0242297),(0.0541965,-0.0015000,0.0242678),(0.0533258,-0.0015000,0.0242678),(0.0541965,-0.0015000,0.0242678),(0.0542729,-0.0015000,0.0243144),(0.0533258,-0.0015000,0.0242678),(0.0542729,-0.0015000,0.0243144),(0.0543457,-0.0015000,0.0243694),(0.0533258,-0.0015000,0.0242678),(0.0543457,-0.0015000,0.0243694),(0.0544149,-0.0015000,0.0244329),(0.0544149,-0.0015000,0.0244329),(0.0541091,-0.0015000,0.0247377),(0.0540337,-0.0015000,0.0246752),(0.0533258,-0.0015000,0.0242678),(0.0544149,-0.0015000,0.0244329),(0.0540337,-0.0015000,0.0246752),(0.0533258,-0.0015000,0.0242678),(0.0540337,-0.0015000,0.0246752),(0.0539506,-0.0015000,0.0246305),(0.0533258,-0.0015000,0.0242678),(0.0539506,-0.0015000,0.0246305),(0.0538597,-0.0015000,0.0246038),(0.0533258,-0.0015000,0.0242678),(0.0538597,-0.0015000,0.0246038),(0.0537609,-0.0015000,0.0245948),(0.0533258,-0.0015000,0.0242678),(0.0537609,-0.0015000,0.0245948),(0.0536625,-0.0015000,0.0246038),(0.0533258,-0.0015000,0.0242678),(0.0536625,-0.0015000,0.0246038),(0.0535717,-0.0015000,0.0246305),(0.0533258,-0.0015000,0.0242678),(0.0535717,-0.0015000,0.0246305),(0.0534884,-0.0015000,0.0246752),(0.0533258,-0.0015000,0.0242678),(0.0534884,-0.0015000,0.0246752),(0.0534127,-0.0015000,0.0247377),(0.0533258,-0.0015000,0.0242678),(0.0534127,-0.0015000,0.0247377),(0.0533502,-0.0015000,0.0248134),(0.0533258,-0.0015000,0.0242678),(0.0533502,-0.0015000,0.0248134),(0.0533055,-0.0015000,0.0248967),(0.0533258,-0.0015000,0.0242678),(0.0533055,-0.0015000,0.0248967),(0.0532788,-0.0015000,0.0249875),(0.0531763,-0.0015000,0.0258045),(0.0533258,-0.0015000,0.0242678),(0.0532788,-0.0015000,0.0249875),(0.0531763,-0.0015000,0.0258045),(0.0532788,-0.0015000,0.0249875),(0.0532698,-0.0015000,0.0250859),(0.0531763,-0.0015000,0.0258045),(0.0532698,-0.0015000,0.0250859),(0.0532788,-0.0015000,0.0251847),(0.0531763,-0.0015000,0.0258045),(0.0532788,-0.0015000,0.0251847),(0.0533055,-0.0015000,0.0252759),(0.0531763,-0.0015000,0.0258045),(0.0533055,-0.0015000,0.0252759),(0.0533502,-0.0015000,0.0253593),(0.0531763,-0.0015000,0.0258045),(0.0533502,-0.0015000,0.0253593),(0.0534127,-0.0015000,0.0254351),(0.0531763,-0.0015000,0.0258045),(0.0534127,-0.0015000,0.0254351),(0.0534884,-0.0015000,0.0254981),(0.0531763,-0.0015000,0.0258045),(0.0534884,-0.0015000,0.0254981),(0.0535717,-0.0015000,0.0255431),(0.0531763,-0.0015000,0.0258045),(0.0535717,-0.0015000,0.0255431),(0.0536625,-0.0015000,0.0255701),(0.0531763,-0.0015000,0.0258045),(0.0536625,-0.0015000,0.0255701),(0.0537609,-0.0015000,0.0255791),(0.0531763,-0.0015000,0.0258045),(0.0537609,-0.0015000,0.0255791),(0.0538597,-0.0015000,0.0255701),(0.0531763,-0.0015000,0.0258045),(0.0538597,-0.0015000,0.0255701),(0.0539506,-0.0015000,0.0255431),(0.0541721,-0.0015000,0.0248134),(0.0541091,-0.0015000,0.0247377),(0.0544149,-0.0015000,0.0244329),(0.0542170,-0.0015000,0.0248967),(0.0541721,-0.0015000,0.0248134),(0.0544149,-0.0015000,0.0244329),(0.0542440,-0.0015000,0.0249875),(0.0542170,-0.0015000,0.0248967),(0.0544149,-0.0015000,0.0244329),(0.0542530,-0.0015000,0.0250859),(0.0542440,-0.0015000,0.0249875),(0.0544149,-0.0015000,0.0244329),(0.0542440,-0.0015000,0.0251847),(0.0542530,-0.0015000,0.0250859),(0.0544149,-0.0015000,0.0244329),(0.0542440,-0.0015000,0.0251847),(0.0544149,-0.0015000,0.0244329),(0.0544784,-0.0015000,0.0245024),(0.0542170,-0.0015000,0.0252759),(0.0542440,-0.0015000,0.0251847),(0.0544784,-0.0015000,0.0245024),(0.0542170,-0.0015000,0.0252759),(0.0544784,-0.0015000,0.0245024),(0.0545335,-0.0015000,0.0245754),(0.0542170,-0.0015000,0.0252759),(0.0545335,-0.0015000,0.0245754),(0.0545800,-0.0015000,0.0246519),(0.0541721,-0.0015000,0.0253593),(0.0542170,-0.0015000,0.0252759),(0.0545800,-0.0015000,0.0246519),(0.0541721,-0.0015000,0.0253593),(0.0545800,-0.0015000,0.0246519),(0.0546181,-0.0015000,0.0247319),(0.0541721,-0.0015000,0.0253593),(0.0546181,-0.0015000,0.0247319),(0.0546478,-0.0015000,0.0248154),(0.0541091,-0.0015000,0.0254351),(0.0541721,-0.0015000,0.0253593),(0.0546478,-0.0015000,0.0248154),(0.0541091,-0.0015000,0.0254351),(0.0546478,-0.0015000,0.0248154),(0.0546689,-0.0015000,0.0249024),(0.0541091,-0.0015000,0.0254351),(0.0546689,-0.0015000,0.0249024),(0.0546816,-0.0015000,0.0249929),(0.0540337,-0.0015000,0.0254981),(0.0541091,-0.0015000,0.0254351),(0.0546816,-0.0015000,0.0249929),(0.0540337,-0.0015000,0.0254981),(0.0546816,-0.0015000,0.0249929),(0.0546859,-0.0015000,0.0250869),(0.0540337,-0.0015000,0.0254981),(0.0546859,-0.0015000,0.0250869),(0.0546816,-0.0015000,0.0251810),(0.0539506,-0.0015000,0.0255431),(0.0540337,-0.0015000,0.0254981),(0.0546816,-0.0015000,0.0251810),(0.0539506,-0.0015000,0.0255431),(0.0546816,-0.0015000,0.0251810),(0.0546689,-0.0015000,0.0252715),(0.0539506,-0.0015000,0.0255431),(0.0546689,-0.0015000,0.0252715),(0.0546478,-0.0015000,0.0253585),(0.0531763,-0.0015000,0.0258045),(0.0539506,-0.0015000,0.0255431),(0.0546478,-0.0015000,0.0253585),(0.0531763,-0.0015000,0.0258045),(0.0546478,-0.0015000,0.0253585),(0.0546181,-0.0015000,0.0254420),(0.0531763,-0.0015000,0.0258045),(0.0546181,-0.0015000,0.0254420),(0.0545800,-0.0015000,0.0255220),(0.0531763,-0.0015000,0.0258045),(0.0545800,-0.0015000,0.0255220),(0.0545335,-0.0015000,0.0255985),(0.0531763,-0.0015000,0.0258045),(0.0545335,-0.0015000,0.0255985),(0.0544784,-0.0015000,0.0256715),(0.0531763,-0.0015000,0.0258045),(0.0544784,-0.0015000,0.0256715),(0.0544149,-0.0015000,0.0257410),(0.0531763,-0.0015000,0.0258045),(0.0544149,-0.0015000,0.0257410),(0.0543457,-0.0015000,0.0258045),(0.0531763,-0.0015000,0.0258045),(0.0543457,-0.0015000,0.0258045),(0.0542729,-0.0015000,0.0258595),(0.0531763,-0.0015000,0.0258045),(0.0542729,-0.0015000,0.0258595),(0.0541965,-0.0015000,0.0259061),(0.0531763,-0.0015000,0.0258045),(0.0541965,-0.0015000,0.0259061),(0.0541165,-0.0015000,0.0259442),(0.0531763,-0.0015000,0.0258045),(0.0541165,-0.0015000,0.0259442),(0.0540330,-0.0015000,0.0259738),(0.0531763,-0.0015000,0.0258045),(0.0540330,-0.0015000,0.0259738),(0.0539458,-0.0015000,0.0259950),(0.0531763,-0.0015000,0.0258045),(0.0539458,-0.0015000,0.0259950),(0.0538552,-0.0015000,0.0260077),(0.0531763,-0.0015000,0.0258045),(0.0538552,-0.0015000,0.0260077),(0.0537609,-0.0015000,0.0260119),(0.0531763,-0.0015000,0.0258045),(0.0537609,-0.0015000,0.0260119),(0.0536669,-0.0015000,0.0260077),(0.0531763,-0.0015000,0.0258045),(0.0536669,-0.0015000,0.0260077),(0.0535763,-0.0015000,0.0259950),(0.0531763,-0.0015000,0.0258045),(0.0535763,-0.0015000,0.0259950),(0.0534893,-0.0015000,0.0259738),(0.0531763,-0.0015000,0.0258045),(0.0534893,-0.0015000,0.0259738),(0.0534058,-0.0015000,0.0259442),(0.0531763,-0.0015000,0.0258045),(0.0534058,-0.0015000,0.0259442),(0.0533258,-0.0015000,0.0259061),(0.0531763,-0.0015000,0.0258045),(0.0533258,-0.0015000,0.0259061),(0.0532493,-0.0015000,0.0258595),(0.0459493,-0.0015000,0.0253632),(0.0458319,-0.0015000,0.0253166),(0.0452244,-0.0015000,0.0248150),(0.0459493,-0.0015000,0.0253632),(0.0452244,-0.0015000,0.0248150),(0.0451667,-0.0015000,0.0247472),(0.0459493,-0.0015000,0.0253632),(0.0451667,-0.0015000,0.0247472),(0.0451418,-0.0015000,0.0246753),(0.0459493,-0.0015000,0.0253632),(0.0451418,-0.0015000,0.0246753),(0.0451418,-0.0015000,0.0246414),(0.0459493,-0.0015000,0.0253632),(0.0451418,-0.0015000,0.0246414),(0.0451757,-0.0015000,0.0245133),(0.0459493,-0.0015000,0.0253632),(0.0451757,-0.0015000,0.0245133),(0.0452350,-0.0015000,0.0244564),(0.0459493,-0.0015000,0.0253632),(0.0452350,-0.0015000,0.0244564),(0.0453154,-0.0015000,0.0244276),(0.0459493,-0.0015000,0.0253632),(0.0453154,-0.0015000,0.0244276),(0.0453567,-0.0015000,0.0244255),(0.0459493,-0.0015000,0.0253632),(0.0453567,-0.0015000,0.0244255),(0.0454720,-0.0015000,0.0244625),(0.0459493,-0.0015000,0.0253632),(0.0454720,-0.0015000,0.0244625),(0.0457430,-0.0015000,0.0247017),(0.0459493,-0.0015000,0.0253632),(0.0457430,-0.0015000,0.0247017),(0.0457430,-0.0015000,0.0215161),(0.0459493,-0.0015000,0.0253632),(0.0457430,-0.0015000,0.0215161),(0.0457583,-0.0015000,0.0214341),(0.0459493,-0.0015000,0.0253632),(0.0457583,-0.0015000,0.0214341),(0.0458043,-0.0015000,0.0213658),(0.0459493,-0.0015000,0.0253632),(0.0458043,-0.0015000,0.0213658),(0.0458726,-0.0015000,0.0213198),(0.0459493,-0.0015000,0.0253632),(0.0458726,-0.0015000,0.0213198),(0.0459546,-0.0015000,0.0213045),(0.0459493,-0.0015000,0.0253632),(0.0459546,-0.0015000,0.0213045),(0.0460374,-0.0015000,0.0213198),(0.0459493,-0.0015000,0.0253632),(0.0460374,-0.0015000,0.0213198),(0.0461060,-0.0015000,0.0213658),(0.0459493,-0.0015000,0.0253632),(0.0461060,-0.0015000,0.0213658),(0.0461520,-0.0015000,0.0214341),(0.0459493,-0.0015000,0.0253632),(0.0461520,-0.0015000,0.0214341),(0.0461674,-0.0015000,0.0215161),(0.0459493,-0.0015000,0.0253632),(0.0461674,-0.0015000,0.0215161),(0.0461674,-0.0015000,0.0251430),(0.0459493,-0.0015000,0.0253632),(0.0461674,-0.0015000,0.0251430),(0.0461390,-0.0015000,0.0252563),(0.0459493,-0.0015000,0.0253632),(0.0461390,-0.0015000,0.0252563),(0.0460541,-0.0015000,0.0253314),(0.0279649,-0.0015000,0.0284788),(0.0280619,-0.0015000,0.0284381),(0.0281600,-0.0015000,0.0284029),(0.0279649,-0.0015000,0.0284788),(0.0281600,-0.0015000,0.0284029),(0.0282589,-0.0015000,0.0283730),(0.0279649,-0.0015000,0.0284788),(0.0282589,-0.0015000,0.0283730),(0.0283589,-0.0015000,0.0283486),(0.0279649,-0.0015000,0.0284788),(0.0283589,-0.0015000,0.0283486),(0.0284597,-0.0015000,0.0283296),(0.0279649,-0.0015000,0.0284788),(0.0284597,-0.0015000,0.0283296),(0.0285616,-0.0015000,0.0283161),(0.0279649,-0.0015000,0.0284788),(0.0285616,-0.0015000,0.0283161),(0.0286644,-0.0015000,0.0283079),(0.0279649,-0.0015000,0.0284788),(0.0286644,-0.0015000,0.0283079),(0.0287682,-0.0015000,0.0283052),(0.0279649,-0.0015000,0.0284788),(0.0287682,-0.0015000,0.0283052),(0.0289040,-0.0015000,0.0283096),(0.0279649,-0.0015000,0.0284788),(0.0289040,-0.0015000,0.0283096),(0.0290372,-0.0015000,0.0283225),(0.0279649,-0.0015000,0.0284788),(0.0290372,-0.0015000,0.0283225),(0.0291679,-0.0015000,0.0283441),(0.0279649,-0.0015000,0.0284788),(0.0291679,-0.0015000,0.0283441),(0.0292960,-0.0015000,0.0283743),(0.0279649,-0.0015000,0.0284788),(0.0292960,-0.0015000,0.0283743),(0.0294216,-0.0015000,0.0284131),(0.0279649,-0.0015000,0.0284788),(0.0294216,-0.0015000,0.0284131),(0.0295447,-0.0015000,0.0284606),(0.0279649,-0.0015000,0.0284788),(0.0295447,-0.0015000,0.0284606),(0.0296652,-0.0015000,0.0285167),(0.0279649,-0.0015000,0.0284788),(0.0296652,-0.0015000,0.0285167),(0.0297831,-0.0015000,0.0285815),(0.0279649,-0.0015000,0.0284788),(0.0297831,-0.0015000,0.0285815),(0.0298967,-0.0015000,0.0286539),(0.0279649,-0.0015000,0.0284788),(0.0298967,-0.0015000,0.0286539),(0.0300040,-0.0015000,0.0287324),(0.0279649,-0.0015000,0.0284788),(0.0300040,-0.0015000,0.0287324),(0.0301052,-0.0015000,0.0288171),(0.0279649,-0.0015000,0.0284788),(0.0301052,-0.0015000,0.0288171),(0.0302001,-0.0015000,0.0289080),(0.0279649,-0.0015000,0.0284788),(0.0302001,-0.0015000,0.0289080),(0.0302888,-0.0015000,0.0290050),(0.0302888,-0.0015000,0.0290050),(0.0303713,-0.0015000,0.0291081),(0.0304475,-0.0015000,0.0292174),(0.0302888,-0.0015000,0.0290050),(0.0304475,-0.0015000,0.0292174),(0.0305176,-0.0015000,0.0293329),(0.0302888,-0.0015000,0.0290050),(0.0305176,-0.0015000,0.0293329),(0.0305806,-0.0015000,0.0294527),(0.0302888,-0.0015000,0.0290050),(0.0305806,-0.0015000,0.0294527),(0.0306352,-0.0015000,0.0295749),(0.0302888,-0.0015000,0.0290050),(0.0306352,-0.0015000,0.0295749),(0.0306814,-0.0015000,0.0296996),(0.0302888,-0.0015000,0.0290050),(0.0306814,-0.0015000,0.0296996),(0.0307192,-0.0015000,0.0298269),(0.0302888,-0.0015000,0.0290050),(0.0307192,-0.0015000,0.0298269),(0.0307486,-0.0015000,0.0299566),(0.0302888,-0.0015000,0.0290050),(0.0307486,-0.0015000,0.0299566),(0.0307696,-0.0015000,0.0300887),(0.0302888,-0.0015000,0.0290050),(0.0307696,-0.0015000,0.0300887),(0.0307822,-0.0015000,0.0302234),(0.0302888,-0.0015000,0.0290050),(0.0307822,-0.0015000,0.0302234),(0.0307864,-0.0015000,0.0303605),(0.0302888,-0.0015000,0.0290050),(0.0307864,-0.0015000,0.0303605),(0.0307822,-0.0015000,0.0304922),(0.0302888,-0.0015000,0.0290050),(0.0307822,-0.0015000,0.0304922),(0.0307696,-0.0015000,0.0306230),(0.0302888,-0.0015000,0.0290050),(0.0307696,-0.0015000,0.0306230),(0.0307486,-0.0015000,0.0307530),(0.0302888,-0.0015000,0.0290050),(0.0307486,-0.0015000,0.0307530),(0.0307192,-0.0015000,0.0308823),(0.0302888,-0.0015000,0.0290050),(0.0307192,-0.0015000,0.0308823),(0.0306814,-0.0015000,0.0310107),(0.0302888,-0.0015000,0.0290050),(0.0306814,-0.0015000,0.0310107),(0.0306352,-0.0015000,0.0311384),(0.0306352,-0.0015000,0.0311384),(0.0302434,-0.0015000,0.0309969),(0.0302800,-0.0015000,0.0308990),(0.0306352,-0.0015000,0.0311384),(0.0302800,-0.0015000,0.0308990),(0.0303099,-0.0015000,0.0307979),(0.0306352,-0.0015000,0.0311384),(0.0303099,-0.0015000,0.0307979),(0.0303332,-0.0015000,0.0306934),(0.0306352,-0.0015000,0.0311384),(0.0303332,-0.0015000,0.0306934),(0.0303498,-0.0015000,0.0305857),(0.0306352,-0.0015000,0.0311384),(0.0303498,-0.0015000,0.0305857),(0.0303598,-0.0015000,0.0304748),(0.0306352,-0.0015000,0.0311384),(0.0303598,-0.0015000,0.0304748),(0.0303631,-0.0015000,0.0303605),(0.0306352,-0.0015000,0.0311384),(0.0303631,-0.0015000,0.0303605),(0.0303597,-0.0015000,0.0302505),(0.0302888,-0.0015000,0.0290050),(0.0306352,-0.0015000,0.0311384),(0.0303597,-0.0015000,0.0302505),(0.0302888,-0.0015000,0.0290050),(0.0303597,-0.0015000,0.0302505),(0.0303497,-0.0015000,0.0301426),(0.0302888,-0.0015000,0.0290050),(0.0303497,-0.0015000,0.0301426),(0.0303329,-0.0015000,0.0300370),(0.0302888,-0.0015000,0.0290050),(0.0303329,-0.0015000,0.0300370),(0.0303094,-0.0015000,0.0299335),(0.0302888,-0.0015000,0.0290050),(0.0303094,-0.0015000,0.0299335),(0.0302792,-0.0015000,0.0298322),(0.0302888,-0.0015000,0.0290050),(0.0302792,-0.0015000,0.0298322),(0.0302422,-0.0015000,0.0297331),(0.0302888,-0.0015000,0.0290050),(0.0302422,-0.0015000,0.0297331),(0.0301986,-0.0015000,0.0296361),(0.0302888,-0.0015000,0.0290050),(0.0301986,-0.0015000,0.0296361),(0.0301482,-0.0015000,0.0295414),(0.0302888,-0.0015000,0.0290050),(0.0301482,-0.0015000,0.0295414),(0.0300924,-0.0015000,0.0294502),(0.0302888,-0.0015000,0.0290050),(0.0300924,-0.0015000,0.0294502),(0.0300318,-0.0015000,0.0293638),(0.0302888,-0.0015000,0.0290050),(0.0300318,-0.0015000,0.0293638),(0.0299663,-0.0015000,0.0292824),(0.0302888,-0.0015000,0.0290050),(0.0299663,-0.0015000,0.0292824),(0.0298961,-0.0015000,0.0292059),(0.0302888,-0.0015000,0.0290050),(0.0298961,-0.0015000,0.0292059),(0.0298211,-0.0015000,0.0291342),(0.0302888,-0.0015000,0.0290050),(0.0298211,-0.0015000,0.0291342),(0.0297412,-0.0015000,0.0290675),(0.0302888,-0.0015000,0.0290050),(0.0297412,-0.0015000,0.0290675),(0.0296566,-0.0015000,0.0290057),(0.0302888,-0.0015000,0.0290050),(0.0296566,-0.0015000,0.0290057),(0.0295672,-0.0015000,0.0289487),(0.0302888,-0.0015000,0.0290050),(0.0295672,-0.0015000,0.0289487),(0.0294746,-0.0015000,0.0288976),(0.0302888,-0.0015000,0.0290050),(0.0294746,-0.0015000,0.0288976),(0.0293800,-0.0015000,0.0288533),(0.0302888,-0.0015000,0.0290050),(0.0293800,-0.0015000,0.0288533),(0.0292832,-0.0015000,0.0288158),(0.0302888,-0.0015000,0.0290050),(0.0292832,-0.0015000,0.0288158),(0.0291844,-0.0015000,0.0287852),(0.0279649,-0.0015000,0.0284788),(0.0302888,-0.0015000,0.0290050),(0.0291844,-0.0015000,0.0287852),(0.0279649,-0.0015000,0.0284788),(0.0291844,-0.0015000,0.0287852),(0.0290834,-0.0015000,0.0287613),(0.0279649,-0.0015000,0.0284788),(0.0290834,-0.0015000,0.0287613),(0.0289804,-0.0015000,0.0287443),(0.0279649,-0.0015000,0.0284788),(0.0289804,-0.0015000,0.0287443),(0.0288753,-0.0015000,0.0287341),(0.0279649,-0.0015000,0.0284788),(0.0288753,-0.0015000,0.0287341),(0.0287682,-0.0015000,0.0287307),(0.0279649,-0.0015000,0.0284788),(0.0287682,-0.0015000,0.0287307),(0.0286146,-0.0015000,0.0287378),(0.0279649,-0.0015000,0.0284788),(0.0286146,-0.0015000,0.0287378),(0.0284650,-0.0015000,0.0287590),(0.0279649,-0.0015000,0.0284788),(0.0284650,-0.0015000,0.0287590),(0.0283193,-0.0015000,0.0287944),(0.0279649,-0.0015000,0.0284788),(0.0283193,-0.0015000,0.0287944),(0.0281776,-0.0015000,0.0288439),(0.0279649,-0.0015000,0.0284788),(0.0281776,-0.0015000,0.0288439),(0.0297746,-0.0015000,0.0316273),(0.0274040,-0.0015000,0.0275041),(0.0279649,-0.0015000,0.0284788),(0.0297746,-0.0015000,0.0316273),(0.0302002,-0.0015000,0.0310915),(0.0302434,-0.0015000,0.0309969),(0.0306352,-0.0015000,0.0311384),(0.0301504,-0.0015000,0.0311828),(0.0302002,-0.0015000,0.0310915),(0.0306352,-0.0015000,0.0311384),(0.0300824,-0.0015000,0.0312868),(0.0301504,-0.0015000,0.0311828),(0.0306352,-0.0015000,0.0311384),(0.0299972,-0.0015000,0.0313956),(0.0300824,-0.0015000,0.0312868),(0.0306352,-0.0015000,0.0311384),(0.0299480,-0.0015000,0.0314517),(0.0299972,-0.0015000,0.0313956),(0.0306352,-0.0015000,0.0311384),(0.0298946,-0.0015000,0.0315091),(0.0299480,-0.0015000,0.0314517),(0.0306352,-0.0015000,0.0311384),(0.0298368,-0.0015000,0.0315676),(0.0298946,-0.0015000,0.0315091),(0.0306352,-0.0015000,0.0311384),(0.0297746,-0.0015000,0.0316273),(0.0298368,-0.0015000,0.0315676),(0.0306352,-0.0015000,0.0311384),(0.0297746,-0.0015000,0.0316273),(0.0306352,-0.0015000,0.0311384),(0.0305806,-0.0015000,0.0312653),(0.0297746,-0.0015000,0.0316273),(0.0305806,-0.0015000,0.0312653),(0.0305176,-0.0015000,0.0313913),(0.0297746,-0.0015000,0.0316273),(0.0305176,-0.0015000,0.0313913),(0.0304674,-0.0015000,0.0314781),(0.0297746,-0.0015000,0.0316273),(0.0304674,-0.0015000,0.0314781),(0.0304126,-0.0015000,0.0315615),(0.0297746,-0.0015000,0.0316273),(0.0304126,-0.0015000,0.0315615),(0.0303532,-0.0015000,0.0316416),(0.0297746,-0.0015000,0.0316273),(0.0303532,-0.0015000,0.0316416),(0.0302893,-0.0015000,0.0317184),(0.0297746,-0.0015000,0.0316273),(0.0302893,-0.0015000,0.0317184),(0.0302207,-0.0015000,0.0317919),(0.0297746,-0.0015000,0.0316273),(0.0302207,-0.0015000,0.0317919),(0.0301475,-0.0015000,0.0318620),(0.0297746,-0.0015000,0.0316273),(0.0301475,-0.0015000,0.0318620),(0.0300697,-0.0015000,0.0319289),(0.0297746,-0.0015000,0.0316273),(0.0300697,-0.0015000,0.0319289),(0.0299874,-0.0015000,0.0319925),(0.0297746,-0.0015000,0.0316273),(0.0299874,-0.0015000,0.0319925),(0.0305292,-0.0015000,0.0329450),(0.0274040,-0.0015000,0.0275041),(0.0297746,-0.0015000,0.0316273),(0.0305292,-0.0015000,0.0329450),(0.0274040,-0.0015000,0.0275041),(0.0305292,-0.0015000,0.0329450),(0.0305578,-0.0015000,0.0330487),(0.0274040,-0.0015000,0.0275041),(0.0305578,-0.0015000,0.0330487),(0.0305504,-0.0015000,0.0331090),(0.0274040,-0.0015000,0.0275041),(0.0305504,-0.0015000,0.0331090),(0.0305118,-0.0015000,0.0331842),(0.0274040,-0.0015000,0.0275041),(0.0305118,-0.0015000,0.0331842),(0.0304467,-0.0015000,0.0332381),(0.0274040,-0.0015000,0.0275041),(0.0304467,-0.0015000,0.0332381),(0.0303440,-0.0015000,0.0332688),(0.0274040,-0.0015000,0.0275041),(0.0303440,-0.0015000,0.0332688),(0.0302837,-0.0015000,0.0332614),(0.0274040,-0.0015000,0.0275041),(0.0302837,-0.0015000,0.0332614),(0.0302080,-0.0015000,0.0332228),(0.0274040,-0.0015000,0.0275041),(0.0302080,-0.0015000,0.0332228),(0.0301525,-0.0015000,0.0331577),(0.0274040,-0.0015000,0.0275041),(0.0301525,-0.0015000,0.0331577),(0.0296170,-0.0015000,0.0322295),(0.0296170,-0.0015000,0.0322295),(0.0295163,-0.0015000,0.0322739),(0.0294124,-0.0015000,0.0323124),(0.0296170,-0.0015000,0.0322295),(0.0294124,-0.0015000,0.0323124),(0.0293052,-0.0015000,0.0323450),(0.0296170,-0.0015000,0.0322295),(0.0293052,-0.0015000,0.0323450),(0.0291947,-0.0015000,0.0323716),(0.0296170,-0.0015000,0.0322295),(0.0291947,-0.0015000,0.0323716),(0.0290808,-0.0015000,0.0323923),(0.0296170,-0.0015000,0.0322295),(0.0290808,-0.0015000,0.0323923),(0.0289637,-0.0015000,0.0324071),(0.0296170,-0.0015000,0.0322295),(0.0289637,-0.0015000,0.0324071),(0.0288432,-0.0015000,0.0324160),(0.0296170,-0.0015000,0.0322295),(0.0288432,-0.0015000,0.0324160),(0.0287195,-0.0015000,0.0324190),(0.0296170,-0.0015000,0.0322295),(0.0287195,-0.0015000,0.0324190),(0.0285949,-0.0015000,0.0324146),(0.0296170,-0.0015000,0.0322295),(0.0285949,-0.0015000,0.0324146),(0.0284714,-0.0015000,0.0324016),(0.0296170,-0.0015000,0.0322295),(0.0284714,-0.0015000,0.0324016),(0.0283490,-0.0015000,0.0323800),(0.0296170,-0.0015000,0.0322295),(0.0283490,-0.0015000,0.0323800),(0.0282276,-0.0015000,0.0323497),(0.0296170,-0.0015000,0.0322295),(0.0282276,-0.0015000,0.0323497),(0.0281074,-0.0015000,0.0323107),(0.0296170,-0.0015000,0.0322295),(0.0281074,-0.0015000,0.0323107),(0.0279882,-0.0015000,0.0322630),(0.0296170,-0.0015000,0.0322295),(0.0279882,-0.0015000,0.0322630),(0.0278702,-0.0015000,0.0322067),(0.0296170,-0.0015000,0.0322295),(0.0278702,-0.0015000,0.0322067),(0.0277532,-0.0015000,0.0321417),(0.0296170,-0.0015000,0.0322295),(0.0277532,-0.0015000,0.0321417),(0.0276401,-0.0015000,0.0320695),(0.0296170,-0.0015000,0.0322295),(0.0276401,-0.0015000,0.0320695),(0.0275331,-0.0015000,0.0319911),(0.0296170,-0.0015000,0.0322295),(0.0275331,-0.0015000,0.0319911),(0.0274322,-0.0015000,0.0319065),(0.0296170,-0.0015000,0.0322295),(0.0274322,-0.0015000,0.0319065),(0.0273373,-0.0015000,0.0318157),(0.0296170,-0.0015000,0.0322295),(0.0273373,-0.0015000,0.0318157),(0.0272485,-0.0015000,0.0317187),(0.0272485,-0.0015000,0.0317187),(0.0271659,-0.0015000,0.0316154),(0.0270893,-0.0015000,0.0315060),(0.0272485,-0.0015000,0.0317187),(0.0270893,-0.0015000,0.0315060),(0.0270187,-0.0015000,0.0313903),(0.0272485,-0.0015000,0.0317187),(0.0270187,-0.0015000,0.0313903),(0.0269555,-0.0015000,0.0312705),(0.0272485,-0.0015000,0.0317187),(0.0269555,-0.0015000,0.0312705),(0.0269007,-0.0015000,0.0311481),(0.0272485,-0.0015000,0.0317187),(0.0269007,-0.0015000,0.0311481),(0.0268543,-0.0015000,0.0310232),(0.0272485,-0.0015000,0.0317187),(0.0268543,-0.0015000,0.0310232),(0.0268163,-0.0015000,0.0308958),(0.0272485,-0.0015000,0.0317187),(0.0268163,-0.0015000,0.0308958),(0.0267868,-0.0015000,0.0307658),(0.0272485,-0.0015000,0.0317187),(0.0267868,-0.0015000,0.0307658),(0.0267657,-0.0015000,0.0306332),(0.0272485,-0.0015000,0.0317187),(0.0267657,-0.0015000,0.0306332),(0.0267531,-0.0015000,0.0304982),(0.0272485,-0.0015000,0.0317187),(0.0267531,-0.0015000,0.0304982),(0.0267489,-0.0015000,0.0303605),(0.0272485,-0.0015000,0.0317187),(0.0267489,-0.0015000,0.0303605),(0.0267531,-0.0015000,0.0302225),(0.0272485,-0.0015000,0.0317187),(0.0267531,-0.0015000,0.0302225),(0.0267657,-0.0015000,0.0300871),(0.0272485,-0.0015000,0.0317187),(0.0267657,-0.0015000,0.0300871),(0.0267867,-0.0015000,0.0299546),(0.0272485,-0.0015000,0.0317187),(0.0267867,-0.0015000,0.0299546),(0.0268161,-0.0015000,0.0298247),(0.0272485,-0.0015000,0.0317187),(0.0268161,-0.0015000,0.0298247),(0.0268539,-0.0015000,0.0296977),(0.0272485,-0.0015000,0.0317187),(0.0268539,-0.0015000,0.0296977),(0.0269001,-0.0015000,0.0295733),(0.0272485,-0.0015000,0.0317187),(0.0269001,-0.0015000,0.0295733),(0.0269547,-0.0015000,0.0294517),(0.0272485,-0.0015000,0.0317187),(0.0269547,-0.0015000,0.0294517),(0.0270177,-0.0015000,0.0293329),(0.0270177,-0.0015000,0.0293329),(0.0273860,-0.0015000,0.0295414),(0.0273366,-0.0015000,0.0296361),(0.0270177,-0.0015000,0.0293329),(0.0273366,-0.0015000,0.0296361),(0.0272938,-0.0015000,0.0297330),(0.0270177,-0.0015000,0.0293329),(0.0272938,-0.0015000,0.0297330),(0.0272576,-0.0015000,0.0298320),(0.0270177,-0.0015000,0.0293329),(0.0272576,-0.0015000,0.0298320),(0.0272280,-0.0015000,0.0299332),(0.0270177,-0.0015000,0.0293329),(0.0272280,-0.0015000,0.0299332),(0.0272050,-0.0015000,0.0300366),(0.0270177,-0.0015000,0.0293329),(0.0272050,-0.0015000,0.0300366),(0.0271885,-0.0015000,0.0301420),(0.0270177,-0.0015000,0.0293329),(0.0271885,-0.0015000,0.0301420),(0.0271787,-0.0015000,0.0302497),(0.0270177,-0.0015000,0.0293329),(0.0271787,-0.0015000,0.0302497),(0.0271754,-0.0015000,0.0303595),(0.0270177,-0.0015000,0.0293329),(0.0271754,-0.0015000,0.0303595),(0.0271787,-0.0015000,0.0304693),(0.0272485,-0.0015000,0.0317187),(0.0270177,-0.0015000,0.0293329),(0.0271787,-0.0015000,0.0304693),(0.0272485,-0.0015000,0.0317187),(0.0271787,-0.0015000,0.0304693),(0.0271887,-0.0015000,0.0305770),(0.0272485,-0.0015000,0.0317187),(0.0271887,-0.0015000,0.0305770),(0.0272054,-0.0015000,0.0306827),(0.0272485,-0.0015000,0.0317187),(0.0272054,-0.0015000,0.0306827),(0.0272288,-0.0015000,0.0307862),(0.0272485,-0.0015000,0.0317187),(0.0272288,-0.0015000,0.0307862),(0.0272589,-0.0015000,0.0308877),(0.0272485,-0.0015000,0.0317187),(0.0272589,-0.0015000,0.0308877),(0.0272956,-0.0015000,0.0309871),(0.0272485,-0.0015000,0.0317187),(0.0272956,-0.0015000,0.0309871),(0.0273391,-0.0015000,0.0310844),(0.0272485,-0.0015000,0.0317187),(0.0273391,-0.0015000,0.0310844),(0.0273892,-0.0015000,0.0311797),(0.0272485,-0.0015000,0.0317187),(0.0273892,-0.0015000,0.0311797),(0.0274450,-0.0015000,0.0312716),(0.0272485,-0.0015000,0.0317187),(0.0274450,-0.0015000,0.0312716),(0.0275056,-0.0015000,0.0313585),(0.0272485,-0.0015000,0.0317187),(0.0275056,-0.0015000,0.0313585),(0.0275711,-0.0015000,0.0314404),(0.0272485,-0.0015000,0.0317187),(0.0275711,-0.0015000,0.0314404),(0.0276413,-0.0015000,0.0315173),(0.0272485,-0.0015000,0.0317187),(0.0276413,-0.0015000,0.0315173),(0.0277163,-0.0015000,0.0315891),(0.0272485,-0.0015000,0.0317187),(0.0277163,-0.0015000,0.0315891),(0.0277962,-0.0015000,0.0316559),(0.0272485,-0.0015000,0.0317187),(0.0277962,-0.0015000,0.0316559),(0.0278808,-0.0015000,0.0317177),(0.0272485,-0.0015000,0.0317187),(0.0278808,-0.0015000,0.0317177),(0.0279702,-0.0015000,0.0317745),(0.0272485,-0.0015000,0.0317187),(0.0279702,-0.0015000,0.0317745),(0.0280623,-0.0015000,0.0318256),(0.0272485,-0.0015000,0.0317187),(0.0280623,-0.0015000,0.0318256),(0.0281549,-0.0015000,0.0318698),(0.0272485,-0.0015000,0.0317187),(0.0281549,-0.0015000,0.0318698),(0.0282480,-0.0015000,0.0319073),(0.0272485,-0.0015000,0.0317187),(0.0282480,-0.0015000,0.0319073),(0.0283417,-0.0015000,0.0319380),(0.0272485,-0.0015000,0.0317187),(0.0283417,-0.0015000,0.0319380),(0.0284359,-0.0015000,0.0319618),(0.0296170,-0.0015000,0.0322295),(0.0272485,-0.0015000,0.0317187),(0.0284359,-0.0015000,0.0319618),(0.0296170,-0.0015000,0.0322295),(0.0284359,-0.0015000,0.0319618),(0.0285306,-0.0015000,0.0319788),(0.0296170,-0.0015000,0.0322295),(0.0285306,-0.0015000,0.0319788),(0.0286258,-0.0015000,0.0319891),(0.0296170,-0.0015000,0.0322295),(0.0286258,-0.0015000,0.0319891),(0.0287216,-0.0015000,0.0319925),(0.0296170,-0.0015000,0.0322295),(0.0287216,-0.0015000,0.0319925),(0.0287280,-0.0015000,0.0319925),(0.0296170,-0.0015000,0.0322295),(0.0287280,-0.0015000,0.0319925),(0.0288217,-0.0015000,0.0319904),(0.0296170,-0.0015000,0.0322295),(0.0288217,-0.0015000,0.0319904),(0.0289128,-0.0015000,0.0319841),(0.0296170,-0.0015000,0.0322295),(0.0289128,-0.0015000,0.0319841),(0.0290015,-0.0015000,0.0319737),(0.0296170,-0.0015000,0.0322295),(0.0290015,-0.0015000,0.0319737),(0.0290875,-0.0015000,0.0319591),(0.0296170,-0.0015000,0.0322295),(0.0290875,-0.0015000,0.0319591),(0.0291710,-0.0015000,0.0319404),(0.0296170,-0.0015000,0.0322295),(0.0291710,-0.0015000,0.0319404),(0.0292520,-0.0015000,0.0319175),(0.0296170,-0.0015000,0.0322295),(0.0292520,-0.0015000,0.0319175),(0.0293305,-0.0015000,0.0318904),(0.0296170,-0.0015000,0.0322295),(0.0293305,-0.0015000,0.0318904),(0.0294063,-0.0015000,0.0318591),(0.0274040,-0.0015000,0.0275041),(0.0296170,-0.0015000,0.0322295),(0.0294063,-0.0015000,0.0318591),(0.0274040,-0.0015000,0.0275041),(0.0294063,-0.0015000,0.0318591),(0.0278019,-0.0015000,0.0290641),(0.0274040,-0.0015000,0.0275041),(0.0278019,-0.0015000,0.0290641),(0.0276815,-0.0015000,0.0291669),(0.0274284,-0.0015000,0.0294721),(0.0273860,-0.0015000,0.0295414),(0.0270177,-0.0015000,0.0293329),(0.0274735,-0.0015000,0.0294056),(0.0274284,-0.0015000,0.0294721),(0.0270177,-0.0015000,0.0293329),(0.0275720,-0.0015000,0.0292808),(0.0274735,-0.0015000,0.0294056),(0.0270177,-0.0015000,0.0293329),(0.0276815,-0.0015000,0.0291669),(0.0275720,-0.0015000,0.0292808),(0.0270177,-0.0015000,0.0293329),(0.0276815,-0.0015000,0.0291669),(0.0270177,-0.0015000,0.0293329),(0.0270756,-0.0015000,0.0292378),(0.0276815,-0.0015000,0.0291669),(0.0270756,-0.0015000,0.0292378),(0.0271373,-0.0015000,0.0291469),(0.0276815,-0.0015000,0.0291669),(0.0271373,-0.0015000,0.0291469),(0.0272026,-0.0015000,0.0290600),(0.0276815,-0.0015000,0.0291669),(0.0272026,-0.0015000,0.0290600),(0.0272717,-0.0015000,0.0289773),(0.0276815,-0.0015000,0.0291669),(0.0272717,-0.0015000,0.0289773),(0.0273444,-0.0015000,0.0288986),(0.0276815,-0.0015000,0.0291669),(0.0273444,-0.0015000,0.0288986),(0.0274209,-0.0015000,0.0288241),(0.0276815,-0.0015000,0.0291669),(0.0274209,-0.0015000,0.0288241),(0.0275011,-0.0015000,0.0287536),(0.0276815,-0.0015000,0.0291669),(0.0275011,-0.0015000,0.0287536),(0.0275850,-0.0015000,0.0286873),(0.0274040,-0.0015000,0.0275041),(0.0276815,-0.0015000,0.0291669),(0.0275850,-0.0015000,0.0286873),(0.0274040,-0.0015000,0.0275041),(0.0275850,-0.0015000,0.0286873),(0.0270293,-0.0015000,0.0277168),(0.0274040,-0.0015000,0.0275041),(0.0270293,-0.0015000,0.0277168),(0.0270018,-0.0015000,0.0276152),(0.0274040,-0.0015000,0.0275041),(0.0270018,-0.0015000,0.0276152),(0.0270082,-0.0015000,0.0275549),(0.0274040,-0.0015000,0.0275041),(0.0270082,-0.0015000,0.0275549),(0.0270473,-0.0015000,0.0274779),(0.0274040,-0.0015000,0.0275041),(0.0270473,-0.0015000,0.0274779),(0.0271098,-0.0015000,0.0274226),(0.0274040,-0.0015000,0.0275041),(0.0271098,-0.0015000,0.0274226),(0.0272145,-0.0015000,0.0273951),(0.0274040,-0.0015000,0.0275041),(0.0272145,-0.0015000,0.0273951),(0.0272749,-0.0015000,0.0274025),(0.0274040,-0.0015000,0.0275041),(0.0272749,-0.0015000,0.0274025),(0.0273474,-0.0015000,0.0274379),(0.0348865,-0.0015000,0.0313591),(0.0348811,-0.0015000,0.0312241),(0.0348824,-0.0015000,0.0311209),(0.0348865,-0.0015000,0.0313591),(0.0348824,-0.0015000,0.0311209),(0.0348863,-0.0015000,0.0310216),(0.0348865,-0.0015000,0.0313591),(0.0348863,-0.0015000,0.0310216),(0.0348929,-0.0015000,0.0309265),(0.0348865,-0.0015000,0.0313591),(0.0348929,-0.0015000,0.0309265),(0.0349021,-0.0015000,0.0308354),(0.0348865,-0.0015000,0.0313591),(0.0349021,-0.0015000,0.0308354),(0.0349139,-0.0015000,0.0307484),(0.0348865,-0.0015000,0.0313591),(0.0349139,-0.0015000,0.0307484),(0.0349283,-0.0015000,0.0306655),(0.0348865,-0.0015000,0.0313591),(0.0349283,-0.0015000,0.0306655),(0.0349453,-0.0015000,0.0305867),(0.0348865,-0.0015000,0.0313591),(0.0349453,-0.0015000,0.0305867),(0.0349650,-0.0015000,0.0305119),(0.0348865,-0.0015000,0.0313591),(0.0349650,-0.0015000,0.0305119),(0.0350122,-0.0015000,0.0303745),(0.0348865,-0.0015000,0.0313591),(0.0350122,-0.0015000,0.0303745),(0.0350698,-0.0015000,0.0302534),(0.0348865,-0.0015000,0.0313591),(0.0350698,-0.0015000,0.0302534),(0.0351380,-0.0015000,0.0301485),(0.0348865,-0.0015000,0.0313591),(0.0351380,-0.0015000,0.0301485),(0.0352166,-0.0015000,0.0300600),(0.0348865,-0.0015000,0.0313591),(0.0352166,-0.0015000,0.0300600),(0.0352949,-0.0015000,0.0299895),(0.0348865,-0.0015000,0.0313591),(0.0352949,-0.0015000,0.0299895),(0.0353757,-0.0015000,0.0299285),(0.0348865,-0.0015000,0.0313591),(0.0353757,-0.0015000,0.0299285),(0.0354590,-0.0015000,0.0298768),(0.0348865,-0.0015000,0.0313591),(0.0354590,-0.0015000,0.0298768),(0.0355449,-0.0015000,0.0298345),(0.0348865,-0.0015000,0.0313591),(0.0355449,-0.0015000,0.0298345),(0.0356334,-0.0015000,0.0298017),(0.0348865,-0.0015000,0.0313591),(0.0356334,-0.0015000,0.0298017),(0.0357244,-0.0015000,0.0297782),(0.0348865,-0.0015000,0.0313591),(0.0357244,-0.0015000,0.0297782),(0.0358179,-0.0015000,0.0297641),(0.0358179,-0.0015000,0.0297641),(0.0359140,-0.0015000,0.0297594),(0.0360031,-0.0015000,0.0297629),(0.0358179,-0.0015000,0.0297641),(0.0360031,-0.0015000,0.0297629),(0.0360889,-0.0015000,0.0297734),(0.0358179,-0.0015000,0.0297641),(0.0360889,-0.0015000,0.0297734),(0.0361714,-0.0015000,0.0297909),(0.0358179,-0.0015000,0.0297641),(0.0361714,-0.0015000,0.0297909),(0.0362506,-0.0015000,0.0298155),(0.0358179,-0.0015000,0.0297641),(0.0362506,-0.0015000,0.0298155),(0.0363265,-0.0015000,0.0298470),(0.0358179,-0.0015000,0.0297641),(0.0363265,-0.0015000,0.0298470),(0.0363990,-0.0015000,0.0298856),(0.0358179,-0.0015000,0.0297641),(0.0363990,-0.0015000,0.0298856),(0.0364683,-0.0015000,0.0299312),(0.0358179,-0.0015000,0.0297641),(0.0364683,-0.0015000,0.0299312),(0.0365342,-0.0015000,0.0299838),(0.0354227,-0.0015000,0.0290844),(0.0353552,-0.0015000,0.0292260),(0.0352722,-0.0015000,0.0293196),(0.0354227,-0.0015000,0.0290844),(0.0352722,-0.0015000,0.0293196),(0.0351563,-0.0015000,0.0293720),(0.0355172,-0.0015000,0.0289646),(0.0354227,-0.0015000,0.0290844),(0.0351563,-0.0015000,0.0293720),(0.0355172,-0.0015000,0.0289646),(0.0351563,-0.0015000,0.0293720),(0.0350807,-0.0015000,0.0293413),(0.0355172,-0.0015000,0.0289646),(0.0350807,-0.0015000,0.0293413),(0.0350200,-0.0015000,0.0292956),(0.0356104,-0.0015000,0.0288868),(0.0355172,-0.0015000,0.0289646),(0.0350200,-0.0015000,0.0292956),(0.0356104,-0.0015000,0.0288868),(0.0350200,-0.0015000,0.0292956),(0.0349435,-0.0015000,0.0291593),(0.0357090,-0.0015000,0.0288312),(0.0356104,-0.0015000,0.0288868),(0.0349435,-0.0015000,0.0291593),(0.0357090,-0.0015000,0.0288312),(0.0349435,-0.0015000,0.0291593),(0.0349510,-0.0015000,0.0290873),(0.0357090,-0.0015000,0.0288312),(0.0349510,-0.0015000,0.0290873),(0.0349996,-0.0015000,0.0289696),(0.0358130,-0.0015000,0.0287979),(0.0357090,-0.0015000,0.0288312),(0.0349996,-0.0015000,0.0289696),(0.0358130,-0.0015000,0.0287979),(0.0349996,-0.0015000,0.0289696),(0.0350608,-0.0015000,0.0288598),(0.0359225,-0.0015000,0.0287868),(0.0358130,-0.0015000,0.0287979),(0.0350608,-0.0015000,0.0288598),(0.0359225,-0.0015000,0.0287868),(0.0350608,-0.0015000,0.0288598),(0.0351345,-0.0015000,0.0287579),(0.0359225,-0.0015000,0.0287868),(0.0351345,-0.0015000,0.0287579),(0.0352208,-0.0015000,0.0286640),(0.0360171,-0.0015000,0.0287985),(0.0359225,-0.0015000,0.0287868),(0.0352208,-0.0015000,0.0286640),(0.0360171,-0.0015000,0.0287985),(0.0352208,-0.0015000,0.0286640),(0.0352978,-0.0015000,0.0285933),(0.0360171,-0.0015000,0.0287985),(0.0352978,-0.0015000,0.0285933),(0.0353778,-0.0015000,0.0285321),(0.0361178,-0.0015000,0.0288336),(0.0360171,-0.0015000,0.0287985),(0.0353778,-0.0015000,0.0285321),(0.0361178,-0.0015000,0.0288336),(0.0353778,-0.0015000,0.0285321),(0.0354609,-0.0015000,0.0284802),(0.0361178,-0.0015000,0.0288336),(0.0354609,-0.0015000,0.0284802),(0.0355471,-0.0015000,0.0284378),(0.0362245,-0.0015000,0.0288921),(0.0361178,-0.0015000,0.0288336),(0.0355471,-0.0015000,0.0284378),(0.0362245,-0.0015000,0.0288921),(0.0355471,-0.0015000,0.0284378),(0.0356363,-0.0015000,0.0284048),(0.0363374,-0.0015000,0.0289741),(0.0362245,-0.0015000,0.0288921),(0.0356363,-0.0015000,0.0284048),(0.0363374,-0.0015000,0.0289741),(0.0356363,-0.0015000,0.0284048),(0.0357286,-0.0015000,0.0283812),(0.0363374,-0.0015000,0.0289741),(0.0357286,-0.0015000,0.0283812),(0.0358240,-0.0015000,0.0283671),(0.0364235,-0.0015000,0.0290721),(0.0363374,-0.0015000,0.0289741),(0.0358240,-0.0015000,0.0283671),(0.0364235,-0.0015000,0.0290721),(0.0358240,-0.0015000,0.0283671),(0.0359225,-0.0015000,0.0283624),(0.0364235,-0.0015000,0.0290721),(0.0359225,-0.0015000,0.0283624),(0.0360074,-0.0015000,0.0283669),(0.0364235,-0.0015000,0.0290721),(0.0360074,-0.0015000,0.0283669),(0.0360926,-0.0015000,0.0283805),(0.0364850,-0.0015000,0.0292001),(0.0364235,-0.0015000,0.0290721),(0.0360926,-0.0015000,0.0283805),(0.0364850,-0.0015000,0.0292001),(0.0360926,-0.0015000,0.0283805),(0.0361783,-0.0015000,0.0284032),(0.0364850,-0.0015000,0.0292001),(0.0361783,-0.0015000,0.0284032),(0.0362643,-0.0015000,0.0284349),(0.0364850,-0.0015000,0.0292001),(0.0362643,-0.0015000,0.0284349),(0.0363508,-0.0015000,0.0284757),(0.0365065,-0.0015000,0.0292752),(0.0364850,-0.0015000,0.0292001),(0.0363508,-0.0015000,0.0284757),(0.0365065,-0.0015000,0.0292752),(0.0363508,-0.0015000,0.0284757),(0.0364376,-0.0015000,0.0285255),(0.0365219,-0.0015000,0.0293579),(0.0365065,-0.0015000,0.0292752),(0.0364376,-0.0015000,0.0285255),(0.0365311,-0.0015000,0.0294480),(0.0365219,-0.0015000,0.0293579),(0.0364376,-0.0015000,0.0285255),(0.0365311,-0.0015000,0.0294480),(0.0364376,-0.0015000,0.0285255),(0.0365249,-0.0015000,0.0285844),(0.0365342,-0.0015000,0.0295456),(0.0365311,-0.0015000,0.0294480),(0.0365249,-0.0015000,0.0285844),(0.0365342,-0.0015000,0.0295456),(0.0365249,-0.0015000,0.0285844),(0.0366125,-0.0015000,0.0286524),(0.0365342,-0.0015000,0.0299838),(0.0365342,-0.0015000,0.0295456),(0.0366125,-0.0015000,0.0286524),(0.0365342,-0.0015000,0.0299838),(0.0366125,-0.0015000,0.0286524),(0.0366944,-0.0015000,0.0287301),(0.0365342,-0.0015000,0.0299838),(0.0366944,-0.0015000,0.0287301),(0.0367653,-0.0015000,0.0288173),(0.0365342,-0.0015000,0.0299838),(0.0367653,-0.0015000,0.0288173),(0.0368254,-0.0015000,0.0289140),(0.0365342,-0.0015000,0.0299838),(0.0368254,-0.0015000,0.0289140),(0.0368745,-0.0015000,0.0290201),(0.0365342,-0.0015000,0.0299838),(0.0368745,-0.0015000,0.0290201),(0.0369127,-0.0015000,0.0291357),(0.0365342,-0.0015000,0.0299838),(0.0369127,-0.0015000,0.0291357),(0.0369400,-0.0015000,0.0292608),(0.0365342,-0.0015000,0.0299838),(0.0369400,-0.0015000,0.0292608),(0.0369563,-0.0015000,0.0293953),(0.0365342,-0.0015000,0.0299838),(0.0369563,-0.0015000,0.0293953),(0.0369618,-0.0015000,0.0295393),(0.0365342,-0.0015000,0.0299838),(0.0369618,-0.0015000,0.0295393),(0.0369618,-0.0015000,0.0308558),(0.0358179,-0.0015000,0.0297641),(0.0365342,-0.0015000,0.0299838),(0.0369618,-0.0015000,0.0308558),(0.0369618,-0.0015000,0.0308558),(0.0365660,-0.0015000,0.0308442),(0.0365505,-0.0015000,0.0307212),(0.0369618,-0.0015000,0.0308558),(0.0365505,-0.0015000,0.0307212),(0.0365041,-0.0015000,0.0306000),(0.0369618,-0.0015000,0.0308558),(0.0365041,-0.0015000,0.0306000),(0.0364267,-0.0015000,0.0304804),(0.0358179,-0.0015000,0.0297641),(0.0369618,-0.0015000,0.0308558),(0.0364267,-0.0015000,0.0304804),(0.0358179,-0.0015000,0.0297641),(0.0364267,-0.0015000,0.0304804),(0.0363183,-0.0015000,0.0303626),(0.0358179,-0.0015000,0.0297641),(0.0363183,-0.0015000,0.0303626),(0.0362228,-0.0015000,0.0302839),(0.0358179,-0.0015000,0.0297641),(0.0362228,-0.0015000,0.0302839),(0.0361236,-0.0015000,0.0302277),(0.0358179,-0.0015000,0.0297641),(0.0361236,-0.0015000,0.0302277),(0.0360207,-0.0015000,0.0301940),(0.0358179,-0.0015000,0.0297641),(0.0360207,-0.0015000,0.0301940),(0.0359140,-0.0015000,0.0301827),(0.0358179,-0.0015000,0.0297641),(0.0359140,-0.0015000,0.0301827),(0.0358079,-0.0015000,0.0301940),(0.0358179,-0.0015000,0.0297641),(0.0358079,-0.0015000,0.0301940),(0.0357053,-0.0015000,0.0302277),(0.0358179,-0.0015000,0.0297641),(0.0357053,-0.0015000,0.0302277),(0.0356063,-0.0015000,0.0302839),(0.0358179,-0.0015000,0.0297641),(0.0356063,-0.0015000,0.0302839),(0.0355108,-0.0015000,0.0303626),(0.0358179,-0.0015000,0.0297641),(0.0355108,-0.0015000,0.0303626),(0.0354228,-0.0015000,0.0304915),(0.0348865,-0.0015000,0.0313591),(0.0358179,-0.0015000,0.0297641),(0.0354228,-0.0015000,0.0304915),(0.0348865,-0.0015000,0.0313591),(0.0354228,-0.0015000,0.0304915),(0.0353883,-0.0015000,0.0305775),(0.0348865,-0.0015000,0.0313591),(0.0353883,-0.0015000,0.0305775),(0.0353600,-0.0015000,0.0306780),(0.0348865,-0.0015000,0.0313591),(0.0353600,-0.0015000,0.0306780),(0.0353380,-0.0015000,0.0307929),(0.0348865,-0.0015000,0.0313591),(0.0353380,-0.0015000,0.0307929),(0.0353223,-0.0015000,0.0309222),(0.0348865,-0.0015000,0.0313591),(0.0353223,-0.0015000,0.0309222),(0.0353129,-0.0015000,0.0310660),(0.0348865,-0.0015000,0.0313591),(0.0353129,-0.0015000,0.0310660),(0.0353097,-0.0015000,0.0312241),(0.0348865,-0.0015000,0.0313591),(0.0353097,-0.0015000,0.0312241),(0.0353131,-0.0015000,0.0313155),(0.0348865,-0.0015000,0.0313591),(0.0353131,-0.0015000,0.0313155),(0.0353232,-0.0015000,0.0314019),(0.0348865,-0.0015000,0.0313591),(0.0353232,-0.0015000,0.0314019),(0.0353399,-0.0015000,0.0314833),(0.0348865,-0.0015000,0.0313591),(0.0353399,-0.0015000,0.0314833),(0.0353634,-0.0015000,0.0315596),(0.0348865,-0.0015000,0.0313591),(0.0353634,-0.0015000,0.0315596),(0.0354306,-0.0015000,0.0316972),(0.0348865,-0.0015000,0.0313591),(0.0354306,-0.0015000,0.0316972),(0.0355246,-0.0015000,0.0318147),(0.0348865,-0.0015000,0.0313591),(0.0355246,-0.0015000,0.0318147),(0.0356159,-0.0015000,0.0318925),(0.0365650,-0.0015000,0.0309354),(0.0365660,-0.0015000,0.0308442),(0.0369618,-0.0015000,0.0308558),(0.0365622,-0.0015000,0.0310225),(0.0365650,-0.0015000,0.0309354),(0.0369618,-0.0015000,0.0308558),(0.0365511,-0.0015000,0.0311845),(0.0365622,-0.0015000,0.0310225),(0.0369618,-0.0015000,0.0308558),(0.0365325,-0.0015000,0.0313301),(0.0365511,-0.0015000,0.0311845),(0.0369618,-0.0015000,0.0308558),(0.0365064,-0.0015000,0.0314593),(0.0365325,-0.0015000,0.0313301),(0.0369618,-0.0015000,0.0308558),(0.0364730,-0.0015000,0.0315722),(0.0365064,-0.0015000,0.0314593),(0.0369618,-0.0015000,0.0308558),(0.0364320,-0.0015000,0.0316687),(0.0364730,-0.0015000,0.0315722),(0.0369618,-0.0015000,0.0308558),(0.0363837,-0.0015000,0.0317488),(0.0364320,-0.0015000,0.0316687),(0.0369618,-0.0015000,0.0308558),(0.0363837,-0.0015000,0.0317488),(0.0369618,-0.0015000,0.0308558),(0.0369605,-0.0015000,0.0309713),(0.0363837,-0.0015000,0.0317488),(0.0369605,-0.0015000,0.0309713),(0.0369564,-0.0015000,0.0310819),(0.0363837,-0.0015000,0.0317488),(0.0369564,-0.0015000,0.0310819),(0.0369498,-0.0015000,0.0311876),(0.0363278,-0.0015000,0.0318126),(0.0363837,-0.0015000,0.0317488),(0.0369498,-0.0015000,0.0311876),(0.0363278,-0.0015000,0.0318126),(0.0369498,-0.0015000,0.0311876),(0.0369404,-0.0015000,0.0312885),(0.0363278,-0.0015000,0.0318126),(0.0369404,-0.0015000,0.0312885),(0.0369284,-0.0015000,0.0313845),(0.0362312,-0.0015000,0.0318913),(0.0363278,-0.0015000,0.0318126),(0.0369284,-0.0015000,0.0313845),(0.0362312,-0.0015000,0.0318913),(0.0369284,-0.0015000,0.0313845),(0.0369137,-0.0015000,0.0314757),(0.0362312,-0.0015000,0.0318913),(0.0369137,-0.0015000,0.0314757),(0.0368964,-0.0015000,0.0315620),(0.0361307,-0.0015000,0.0319475),(0.0362312,-0.0015000,0.0318913),(0.0368964,-0.0015000,0.0315620),(0.0361307,-0.0015000,0.0319475),(0.0368964,-0.0015000,0.0315620),(0.0368763,-0.0015000,0.0316435),(0.0361307,-0.0015000,0.0319475),(0.0368763,-0.0015000,0.0316435),(0.0368536,-0.0015000,0.0317201),(0.0360264,-0.0015000,0.0319812),(0.0361307,-0.0015000,0.0319475),(0.0368536,-0.0015000,0.0317201),(0.0360264,-0.0015000,0.0319812),(0.0368536,-0.0015000,0.0317201),(0.0368283,-0.0015000,0.0317919),(0.0360264,-0.0015000,0.0319812),(0.0368283,-0.0015000,0.0317919),(0.0367695,-0.0015000,0.0319208),(0.0359183,-0.0015000,0.0319925),(0.0360264,-0.0015000,0.0319812),(0.0367695,-0.0015000,0.0319208),(0.0359183,-0.0015000,0.0319925),(0.0367695,-0.0015000,0.0319208),(0.0367001,-0.0015000,0.0320304),(0.0359183,-0.0015000,0.0319925),(0.0367001,-0.0015000,0.0320304),(0.0366199,-0.0015000,0.0321205),(0.0358127,-0.0015000,0.0319814),(0.0359183,-0.0015000,0.0319925),(0.0366199,-0.0015000,0.0321205),(0.0358127,-0.0015000,0.0319814),(0.0366199,-0.0015000,0.0321205),(0.0365403,-0.0015000,0.0321905),(0.0358127,-0.0015000,0.0319814),(0.0365403,-0.0015000,0.0321905),(0.0364582,-0.0015000,0.0322511),(0.0357119,-0.0015000,0.0319480),(0.0358127,-0.0015000,0.0319814),(0.0364582,-0.0015000,0.0322511),(0.0357119,-0.0015000,0.0319480),(0.0364582,-0.0015000,0.0322511),(0.0363734,-0.0015000,0.0323024),(0.0357119,-0.0015000,0.0319480),(0.0363734,-0.0015000,0.0323024),(0.0362860,-0.0015000,0.0323444),(0.0356159,-0.0015000,0.0318925),(0.0357119,-0.0015000,0.0319480),(0.0362860,-0.0015000,0.0323444),(0.0356159,-0.0015000,0.0318925),(0.0362860,-0.0015000,0.0323444),(0.0361961,-0.0015000,0.0323770),(0.0348865,-0.0015000,0.0313591),(0.0356159,-0.0015000,0.0318925),(0.0361961,-0.0015000,0.0323770),(0.0348865,-0.0015000,0.0313591),(0.0361961,-0.0015000,0.0323770),(0.0361036,-0.0015000,0.0324003),(0.0348865,-0.0015000,0.0313591),(0.0361036,-0.0015000,0.0324003),(0.0360085,-0.0015000,0.0324143),(0.0348865,-0.0015000,0.0313591),(0.0360085,-0.0015000,0.0324143),(0.0359109,-0.0015000,0.0324190),(0.0348865,-0.0015000,0.0313591),(0.0359109,-0.0015000,0.0324190),(0.0358156,-0.0015000,0.0324142),(0.0348865,-0.0015000,0.0313591),(0.0358156,-0.0015000,0.0324142),(0.0357231,-0.0015000,0.0324000),(0.0348865,-0.0015000,0.0313591),(0.0357231,-0.0015000,0.0324000),(0.0356332,-0.0015000,0.0323763),(0.0348865,-0.0015000,0.0313591),(0.0356332,-0.0015000,0.0323763),(0.0355460,-0.0015000,0.0323430),(0.0348865,-0.0015000,0.0313591),(0.0355460,-0.0015000,0.0323430),(0.0354615,-0.0015000,0.0323003),(0.0348865,-0.0015000,0.0313591),(0.0354615,-0.0015000,0.0323003),(0.0353796,-0.0015000,0.0322481),(0.0348865,-0.0015000,0.0313591),(0.0353796,-0.0015000,0.0322481),(0.0353005,-0.0015000,0.0321864),(0.0348865,-0.0015000,0.0313591),(0.0353005,-0.0015000,0.0321864),(0.0352240,-0.0015000,0.0321152),(0.0348865,-0.0015000,0.0313591),(0.0352240,-0.0015000,0.0321152),(0.0351436,-0.0015000,0.0320275),(0.0348865,-0.0015000,0.0313591),(0.0351436,-0.0015000,0.0320275),(0.0350740,-0.0015000,0.0319329),(0.0348865,-0.0015000,0.0313591),(0.0350740,-0.0015000,0.0319329),(0.0350150,-0.0015000,0.0318317),(0.0348865,-0.0015000,0.0313591),(0.0350150,-0.0015000,0.0318317),(0.0349668,-0.0015000,0.0317237),(0.0348865,-0.0015000,0.0313591),(0.0349668,-0.0015000,0.0317237),(0.0349293,-0.0015000,0.0316089),(0.0348865,-0.0015000,0.0313591),(0.0349293,-0.0015000,0.0316089),(0.0349025,-0.0015000,0.0314874),(0.0319252,-0.0015000,0.0287868),(0.0330968,-0.0015000,0.0303775),(0.0331612,-0.0015000,0.0304712),(0.0319252,-0.0015000,0.0287868),(0.0331612,-0.0015000,0.0304712),(0.0332171,-0.0015000,0.0305688),(0.0319252,-0.0015000,0.0287868),(0.0332171,-0.0015000,0.0305688),(0.0332644,-0.0015000,0.0306703),(0.0319252,-0.0015000,0.0287868),(0.0332644,-0.0015000,0.0306703),(0.0333031,-0.0015000,0.0307757),(0.0319252,-0.0015000,0.0287868),(0.0333031,-0.0015000,0.0307757),(0.0333332,-0.0015000,0.0308849),(0.0319252,-0.0015000,0.0287868),(0.0333332,-0.0015000,0.0308849),(0.0333547,-0.0015000,0.0309980),(0.0319252,-0.0015000,0.0287868),(0.0333547,-0.0015000,0.0309980),(0.0333676,-0.0015000,0.0311149),(0.0319252,-0.0015000,0.0287868),(0.0333676,-0.0015000,0.0311149),(0.0333719,-0.0015000,0.0312358),(0.0319252,-0.0015000,0.0287868),(0.0333719,-0.0015000,0.0312358),(0.0333668,-0.0015000,0.0313607),(0.0319252,-0.0015000,0.0287868),(0.0333668,-0.0015000,0.0313607),(0.0333514,-0.0015000,0.0314811),(0.0319252,-0.0015000,0.0287868),(0.0333514,-0.0015000,0.0314811),(0.0333258,-0.0015000,0.0315969),(0.0319252,-0.0015000,0.0287868),(0.0333258,-0.0015000,0.0315969),(0.0332899,-0.0015000,0.0317080),(0.0332899,-0.0015000,0.0317080),(0.0332438,-0.0015000,0.0318146),(0.0331874,-0.0015000,0.0319166),(0.0332899,-0.0015000,0.0317080),(0.0331874,-0.0015000,0.0319166),(0.0331207,-0.0015000,0.0320140),(0.0332899,-0.0015000,0.0317080),(0.0331207,-0.0015000,0.0320140),(0.0330438,-0.0015000,0.0321068),(0.0332899,-0.0015000,0.0317080),(0.0330438,-0.0015000,0.0321068),(0.0329709,-0.0015000,0.0321799),(0.0332899,-0.0015000,0.0317080),(0.0329709,-0.0015000,0.0321799),(0.0328936,-0.0015000,0.0322434),(0.0332899,-0.0015000,0.0317080),(0.0328936,-0.0015000,0.0322434),(0.0328117,-0.0015000,0.0322970),(0.0332899,-0.0015000,0.0317080),(0.0328117,-0.0015000,0.0322970),(0.0327253,-0.0015000,0.0323409),(0.0332899,-0.0015000,0.0317080),(0.0327253,-0.0015000,0.0323409),(0.0326344,-0.0015000,0.0323751),(0.0332899,-0.0015000,0.0317080),(0.0326344,-0.0015000,0.0323751),(0.0325390,-0.0015000,0.0323995),(0.0332899,-0.0015000,0.0317080),(0.0325390,-0.0015000,0.0323995),(0.0324391,-0.0015000,0.0324141),(0.0332899,-0.0015000,0.0317080),(0.0324391,-0.0015000,0.0324141),(0.0323348,-0.0015000,0.0324190),(0.0332899,-0.0015000,0.0317080),(0.0323348,-0.0015000,0.0324190),(0.0322362,-0.0015000,0.0324142),(0.0332899,-0.0015000,0.0317080),(0.0322362,-0.0015000,0.0324142),(0.0321407,-0.0015000,0.0323999),(0.0332899,-0.0015000,0.0317080),(0.0321407,-0.0015000,0.0323999),(0.0320483,-0.0015000,0.0323760),(0.0332899,-0.0015000,0.0317080),(0.0320483,-0.0015000,0.0323760),(0.0319588,-0.0015000,0.0323425),(0.0332899,-0.0015000,0.0317080),(0.0319588,-0.0015000,0.0323425),(0.0318723,-0.0015000,0.0322995),(0.0332899,-0.0015000,0.0317080),(0.0318723,-0.0015000,0.0322995),(0.0317889,-0.0015000,0.0322469),(0.0317889,-0.0015000,0.0322469),(0.0317084,-0.0015000,0.0321848),(0.0316310,-0.0015000,0.0321131),(0.0317889,-0.0015000,0.0322469),(0.0316310,-0.0015000,0.0321131),(0.0315518,-0.0015000,0.0320266),(0.0317889,-0.0015000,0.0322469),(0.0315518,-0.0015000,0.0320266),(0.0314833,-0.0015000,0.0319337),(0.0317889,-0.0015000,0.0322469),(0.0314833,-0.0015000,0.0319337),(0.0314252,-0.0015000,0.0318345),(0.0317889,-0.0015000,0.0322469),(0.0314252,-0.0015000,0.0318345),(0.0313778,-0.0015000,0.0317289),(0.0317889,-0.0015000,0.0322469),(0.0313778,-0.0015000,0.0317289),(0.0313408,-0.0015000,0.0316170),(0.0317889,-0.0015000,0.0322469),(0.0313408,-0.0015000,0.0316170),(0.0313145,-0.0015000,0.0314988),(0.0317889,-0.0015000,0.0322469),(0.0313145,-0.0015000,0.0314988),(0.0312986,-0.0015000,0.0313741),(0.0317889,-0.0015000,0.0322469),(0.0312986,-0.0015000,0.0313741),(0.0312934,-0.0015000,0.0312432),(0.0317889,-0.0015000,0.0322469),(0.0312934,-0.0015000,0.0312432),(0.0312934,-0.0015000,0.0312379),(0.0317889,-0.0015000,0.0322469),(0.0312934,-0.0015000,0.0312379),(0.0313090,-0.0015000,0.0311564),(0.0317889,-0.0015000,0.0322469),(0.0313090,-0.0015000,0.0311564),(0.0313558,-0.0015000,0.0310876),(0.0317889,-0.0015000,0.0322469),(0.0313558,-0.0015000,0.0310876),(0.0314246,-0.0015000,0.0310408),(0.0317889,-0.0015000,0.0322469),(0.0314246,-0.0015000,0.0310408),(0.0315061,-0.0015000,0.0310252),(0.0317889,-0.0015000,0.0322469),(0.0315061,-0.0015000,0.0310252),(0.0315876,-0.0015000,0.0310408),(0.0317889,-0.0015000,0.0322469),(0.0315876,-0.0015000,0.0310408),(0.0316564,-0.0015000,0.0310876),(0.0317889,-0.0015000,0.0322469),(0.0316564,-0.0015000,0.0310876),(0.0317040,-0.0015000,0.0311564),(0.0317040,-0.0015000,0.0311564),(0.0317199,-0.0015000,0.0312379),(0.0317199,-0.0015000,0.0312432),(0.0317040,-0.0015000,0.0311564),(0.0317199,-0.0015000,0.0312432),(0.0317232,-0.0015000,0.0313301),(0.0317889,-0.0015000,0.0322469),(0.0317040,-0.0015000,0.0311564),(0.0317232,-0.0015000,0.0313301),(0.0317889,-0.0015000,0.0322469),(0.0317232,-0.0015000,0.0313301),(0.0317332,-0.0015000,0.0314125),(0.0317889,-0.0015000,0.0322469),(0.0317332,-0.0015000,0.0314125),(0.0317498,-0.0015000,0.0314904),(0.0317889,-0.0015000,0.0322469),(0.0317498,-0.0015000,0.0314904),(0.0317730,-0.0015000,0.0315638),(0.0317889,-0.0015000,0.0322469),(0.0317730,-0.0015000,0.0315638),(0.0318395,-0.0015000,0.0316972),(0.0317889,-0.0015000,0.0322469),(0.0318395,-0.0015000,0.0316972),(0.0319326,-0.0015000,0.0318126),(0.0317889,-0.0015000,0.0322469),(0.0319326,-0.0015000,0.0318126),(0.0320235,-0.0015000,0.0318913),(0.0317889,-0.0015000,0.0322469),(0.0320235,-0.0015000,0.0318913),(0.0321204,-0.0015000,0.0319475),(0.0317889,-0.0015000,0.0322469),(0.0321204,-0.0015000,0.0319475),(0.0322235,-0.0015000,0.0319812),(0.0317889,-0.0015000,0.0322469),(0.0322235,-0.0015000,0.0319812),(0.0323326,-0.0015000,0.0319925),(0.0317889,-0.0015000,0.0322469),(0.0323326,-0.0015000,0.0319925),(0.0324459,-0.0015000,0.0319816),(0.0317889,-0.0015000,0.0322469),(0.0324459,-0.0015000,0.0319816),(0.0325496,-0.0015000,0.0319491),(0.0332899,-0.0015000,0.0317080),(0.0317889,-0.0015000,0.0322469),(0.0325496,-0.0015000,0.0319491),(0.0332899,-0.0015000,0.0317080),(0.0325496,-0.0015000,0.0319491),(0.0326438,-0.0015000,0.0318948),(0.0332899,-0.0015000,0.0317080),(0.0326438,-0.0015000,0.0318948),(0.0327285,-0.0015000,0.0318189),(0.0332899,-0.0015000,0.0317080),(0.0327285,-0.0015000,0.0318189),(0.0327800,-0.0015000,0.0317577),(0.0332899,-0.0015000,0.0317080),(0.0327800,-0.0015000,0.0317577),(0.0328248,-0.0015000,0.0316933),(0.0332899,-0.0015000,0.0317080),(0.0328248,-0.0015000,0.0316933),(0.0328936,-0.0015000,0.0315546),(0.0332899,-0.0015000,0.0317080),(0.0328936,-0.0015000,0.0315546),(0.0329348,-0.0015000,0.0314028),(0.0332899,-0.0015000,0.0317080),(0.0329348,-0.0015000,0.0314028),(0.0329451,-0.0015000,0.0313220),(0.0332899,-0.0015000,0.0317080),(0.0329451,-0.0015000,0.0313220),(0.0329486,-0.0015000,0.0312379),(0.0332899,-0.0015000,0.0317080),(0.0329486,-0.0015000,0.0312379),(0.0329457,-0.0015000,0.0311512),(0.0332899,-0.0015000,0.0317080),(0.0329457,-0.0015000,0.0311512),(0.0329369,-0.0015000,0.0310678),(0.0332899,-0.0015000,0.0317080),(0.0329369,-0.0015000,0.0310678),(0.0329222,-0.0015000,0.0309876),(0.0332899,-0.0015000,0.0317080),(0.0329222,-0.0015000,0.0309876),(0.0329018,-0.0015000,0.0309109),(0.0332899,-0.0015000,0.0317080),(0.0329018,-0.0015000,0.0309109),(0.0328432,-0.0015000,0.0307672),(0.0319252,-0.0015000,0.0287868),(0.0332899,-0.0015000,0.0317080),(0.0328432,-0.0015000,0.0307672),(0.0319252,-0.0015000,0.0287868),(0.0328432,-0.0015000,0.0307672),(0.0327613,-0.0015000,0.0306367),(0.0319252,-0.0015000,0.0287868),(0.0327613,-0.0015000,0.0306367),(0.0313378,-0.0015000,0.0287032),(0.0331613,-0.0015000,0.0287868),(0.0319252,-0.0015000,0.0287868),(0.0313378,-0.0015000,0.0287032),(0.0331613,-0.0015000,0.0287868),(0.0313378,-0.0015000,0.0287032),(0.0312912,-0.0015000,0.0285783),(0.0331613,-0.0015000,0.0287868),(0.0312912,-0.0015000,0.0285783),(0.0312934,-0.0015000,0.0285434),(0.0331613,-0.0015000,0.0287868),(0.0312934,-0.0015000,0.0285434),(0.0313198,-0.0015000,0.0284648),(0.0331613,-0.0015000,0.0287868),(0.0313198,-0.0015000,0.0284648),(0.0313717,-0.0015000,0.0284090),(0.0331613,-0.0015000,0.0287868),(0.0313717,-0.0015000,0.0284090),(0.0314402,-0.0015000,0.0283740),(0.0331613,-0.0015000,0.0287868),(0.0314402,-0.0015000,0.0283740),(0.0315061,-0.0015000,0.0283624),(0.0331613,-0.0015000,0.0287868),(0.0315061,-0.0015000,0.0283624),(0.0331613,-0.0015000,0.0283624),(0.0331613,-0.0015000,0.0287868),(0.0331613,-0.0015000,0.0283624),(0.0332447,-0.0015000,0.0283775),(0.0331613,-0.0015000,0.0287868),(0.0332447,-0.0015000,0.0283775),(0.0333127,-0.0015000,0.0284227),(0.0331613,-0.0015000,0.0287868),(0.0333127,-0.0015000,0.0284227),(0.0333571,-0.0015000,0.0284907),(0.0331613,-0.0015000,0.0287868),(0.0333571,-0.0015000,0.0284907),(0.0333719,-0.0015000,0.0285741),(0.0331613,-0.0015000,0.0287868),(0.0333719,-0.0015000,0.0285741),(0.0333571,-0.0015000,0.0286582),(0.0331613,-0.0015000,0.0287868),(0.0333571,-0.0015000,0.0286582),(0.0333127,-0.0015000,0.0287265),(0.0331613,-0.0015000,0.0287868),(0.0333127,-0.0015000,0.0287265),(0.0332468,-0.0015000,0.0287717),(0.0338302,-0.0015000,0.0283928),(0.0339032,-0.0015000,0.0282862),(0.0340098,-0.0015000,0.0282132),(0.0338302,-0.0015000,0.0283928),(0.0340098,-0.0015000,0.0282132),(0.0341350,-0.0015000,0.0281888),(0.0338302,-0.0015000,0.0283928),(0.0341350,-0.0015000,0.0281888),(0.0342599,-0.0015000,0.0282132),(0.0338302,-0.0015000,0.0283928),(0.0342599,-0.0015000,0.0282132),(0.0343657,-0.0015000,0.0282862),(0.0338302,-0.0015000,0.0283928),(0.0343657,-0.0015000,0.0282862),(0.0344387,-0.0015000,0.0283928),(0.0338302,-0.0015000,0.0283928),(0.0344387,-0.0015000,0.0283928),(0.0344631,-0.0015000,0.0285180),(0.0338302,-0.0015000,0.0283928),(0.0344631,-0.0015000,0.0285180),(0.0344387,-0.0015000,0.0286431),(0.0338302,-0.0015000,0.0283928),(0.0344387,-0.0015000,0.0286431),(0.0343657,-0.0015000,0.0287497),(0.0338302,-0.0015000,0.0283928),(0.0343657,-0.0015000,0.0287497),(0.0342599,-0.0015000,0.0288228),(0.0338302,-0.0015000,0.0283928),(0.0342599,-0.0015000,0.0288228),(0.0341350,-0.0015000,0.0288471),(0.0338302,-0.0015000,0.0283928),(0.0341350,-0.0015000,0.0288471),(0.0340098,-0.0015000,0.0288228),(0.0338302,-0.0015000,0.0283928),(0.0340098,-0.0015000,0.0288228),(0.0339032,-0.0015000,0.0287497),(0.0338302,-0.0015000,0.0283928),(0.0339032,-0.0015000,0.0287497),(0.0338302,-0.0015000,0.0286431),(0.0338302,-0.0015000,0.0283928),(0.0338302,-0.0015000,0.0286431),(0.0338058,-0.0015000,0.0285180),(0.0473495,-0.0015000,0.0301451),(0.0487317,-0.0015000,0.0283555),(0.0488039,-0.0015000,0.0282936),(0.0473495,-0.0015000,0.0301451),(0.0488039,-0.0015000,0.0282936),(0.0488957,-0.0015000,0.0282730),(0.0473495,-0.0015000,0.0301451),(0.0488957,-0.0015000,0.0282730),(0.0490280,-0.0015000,0.0283185),(0.0473495,-0.0015000,0.0301451),(0.0490280,-0.0015000,0.0283185),(0.0490923,-0.0015000,0.0283920),(0.0473495,-0.0015000,0.0301451),(0.0490923,-0.0015000,0.0283920),(0.0491138,-0.0015000,0.0284878),(0.0473495,-0.0015000,0.0301451),(0.0491138,-0.0015000,0.0284878),(0.0490693,-0.0015000,0.0286201),(0.0473495,-0.0015000,0.0301451),(0.0490693,-0.0015000,0.0286201),(0.0478935,-0.0015000,0.0301451),(0.0478935,-0.0015000,0.0301451),(0.0479792,-0.0015000,0.0301451),(0.0480985,-0.0015000,0.0301503),(0.0473495,-0.0015000,0.0301451),(0.0478935,-0.0015000,0.0301451),(0.0480985,-0.0015000,0.0301503),(0.0464859,-0.0015000,0.0301451),(0.0473495,-0.0015000,0.0301451),(0.0480985,-0.0015000,0.0301503),(0.0464859,-0.0015000,0.0301451),(0.0480985,-0.0015000,0.0301503),(0.0482123,-0.0015000,0.0301656),(0.0464859,-0.0015000,0.0301451),(0.0482123,-0.0015000,0.0301656),(0.0483206,-0.0015000,0.0301911),(0.0464859,-0.0015000,0.0301451),(0.0483206,-0.0015000,0.0301911),(0.0484235,-0.0015000,0.0302269),(0.0464859,-0.0015000,0.0301451),(0.0484235,-0.0015000,0.0302269),(0.0485209,-0.0015000,0.0302729),(0.0464859,-0.0015000,0.0301451),(0.0485209,-0.0015000,0.0302729),(0.0486128,-0.0015000,0.0303291),(0.0464859,-0.0015000,0.0301451),(0.0486128,-0.0015000,0.0303291),(0.0486993,-0.0015000,0.0303955),(0.0464859,-0.0015000,0.0301451),(0.0486993,-0.0015000,0.0303955),(0.0487804,-0.0015000,0.0304722),(0.0464859,-0.0015000,0.0301451),(0.0487804,-0.0015000,0.0304722),(0.0488568,-0.0015000,0.0305619),(0.0464859,-0.0015000,0.0301451),(0.0488568,-0.0015000,0.0305619),(0.0489230,-0.0015000,0.0306543),(0.0464859,-0.0015000,0.0301451),(0.0489230,-0.0015000,0.0306543),(0.0489790,-0.0015000,0.0307495),(0.0489790,-0.0015000,0.0307495),(0.0490249,-0.0015000,0.0308474),(0.0486293,-0.0015000,0.0309966),(0.0489790,-0.0015000,0.0307495),(0.0486293,-0.0015000,0.0309966),(0.0485648,-0.0015000,0.0308790),(0.0489790,-0.0015000,0.0307495),(0.0485648,-0.0015000,0.0308790),(0.0484745,-0.0015000,0.0307727),(0.0489790,-0.0015000,0.0307495),(0.0484745,-0.0015000,0.0307727),(0.0483646,-0.0015000,0.0306848),(0.0489790,-0.0015000,0.0307495),(0.0483646,-0.0015000,0.0306848),(0.0482454,-0.0015000,0.0306219),(0.0489790,-0.0015000,0.0307495),(0.0482454,-0.0015000,0.0306219),(0.0481169,-0.0015000,0.0305842),(0.0464859,-0.0015000,0.0301451),(0.0489790,-0.0015000,0.0307495),(0.0481169,-0.0015000,0.0305842),(0.0464859,-0.0015000,0.0301451),(0.0481169,-0.0015000,0.0305842),(0.0479792,-0.0015000,0.0305717),(0.0464859,-0.0015000,0.0301451),(0.0479792,-0.0015000,0.0305717),(0.0464859,-0.0015000,0.0305717),(0.0486680,-0.0015000,0.0311256),(0.0486293,-0.0015000,0.0309966),(0.0490249,-0.0015000,0.0308474),(0.0486809,-0.0015000,0.0312659),(0.0486680,-0.0015000,0.0311256),(0.0490249,-0.0015000,0.0308474),(0.0486680,-0.0015000,0.0314050),(0.0486809,-0.0015000,0.0312659),(0.0490249,-0.0015000,0.0308474),(0.0486293,-0.0015000,0.0315332),(0.0486680,-0.0015000,0.0314050),(0.0490249,-0.0015000,0.0308474),(0.0485648,-0.0015000,0.0316505),(0.0486293,-0.0015000,0.0315332),(0.0490249,-0.0015000,0.0308474),(0.0485648,-0.0015000,0.0316505),(0.0490249,-0.0015000,0.0308474),(0.0490605,-0.0015000,0.0309479),(0.0485648,-0.0015000,0.0316505),(0.0490605,-0.0015000,0.0309479),(0.0490860,-0.0015000,0.0310512),(0.0484745,-0.0015000,0.0317570),(0.0485648,-0.0015000,0.0316505),(0.0490860,-0.0015000,0.0310512),(0.0484745,-0.0015000,0.0317570),(0.0490860,-0.0015000,0.0310512),(0.0491013,-0.0015000,0.0311572),(0.0484745,-0.0015000,0.0317570),(0.0491013,-0.0015000,0.0311572),(0.0491063,-0.0015000,0.0312659),(0.0483674,-0.0015000,0.0318450),(0.0484745,-0.0015000,0.0317570),(0.0491063,-0.0015000,0.0312659),(0.0483674,-0.0015000,0.0318450),(0.0491063,-0.0015000,0.0312659),(0.0491013,-0.0015000,0.0313785),(0.0483674,-0.0015000,0.0318450),(0.0491013,-0.0015000,0.0313785),(0.0490860,-0.0015000,0.0314872),(0.0482502,-0.0015000,0.0319078),(0.0483674,-0.0015000,0.0318450),(0.0490860,-0.0015000,0.0314872),(0.0482502,-0.0015000,0.0319078),(0.0490860,-0.0015000,0.0314872),(0.0490605,-0.0015000,0.0315921),(0.0482502,-0.0015000,0.0319078),(0.0490605,-0.0015000,0.0315921),(0.0490249,-0.0015000,0.0316930),(0.0481229,-0.0015000,0.0319455),(0.0482502,-0.0015000,0.0319078),(0.0490249,-0.0015000,0.0316930),(0.0481229,-0.0015000,0.0319455),(0.0490249,-0.0015000,0.0316930),(0.0489790,-0.0015000,0.0317900),(0.0481229,-0.0015000,0.0319455),(0.0489790,-0.0015000,0.0317900),(0.0489230,-0.0015000,0.0318831),(0.0479856,-0.0015000,0.0319581),(0.0481229,-0.0015000,0.0319455),(0.0489230,-0.0015000,0.0318831),(0.0479856,-0.0015000,0.0319581),(0.0489230,-0.0015000,0.0318831),(0.0488568,-0.0015000,0.0319723),(0.0464859,-0.0015000,0.0319581),(0.0479856,-0.0015000,0.0319581),(0.0488568,-0.0015000,0.0319723),(0.0464859,-0.0015000,0.0319581),(0.0488568,-0.0015000,0.0319723),(0.0487804,-0.0015000,0.0320576),(0.0464859,-0.0015000,0.0319581),(0.0487804,-0.0015000,0.0320576),(0.0486933,-0.0015000,0.0321357),(0.0464859,-0.0015000,0.0319581),(0.0486933,-0.0015000,0.0321357),(0.0486025,-0.0015000,0.0322034),(0.0464859,-0.0015000,0.0319581),(0.0486025,-0.0015000,0.0322034),(0.0485080,-0.0015000,0.0322607),(0.0464859,-0.0015000,0.0319581),(0.0485080,-0.0015000,0.0322607),(0.0484097,-0.0015000,0.0323076),(0.0464859,-0.0015000,0.0319581),(0.0484097,-0.0015000,0.0323076),(0.0483077,-0.0015000,0.0323441),(0.0464859,-0.0015000,0.0319581),(0.0483077,-0.0015000,0.0323441),(0.0482019,-0.0015000,0.0323701),(0.0464859,-0.0015000,0.0319581),(0.0482019,-0.0015000,0.0323701),(0.0480924,-0.0015000,0.0323857),(0.0464859,-0.0015000,0.0319581),(0.0480924,-0.0015000,0.0323857),(0.0479792,-0.0015000,0.0323909),(0.0464859,-0.0015000,0.0319581),(0.0479792,-0.0015000,0.0323909),(0.0462732,-0.0015000,0.0323909),(0.0464859,-0.0015000,0.0305717),(0.0464859,-0.0015000,0.0319581),(0.0462732,-0.0015000,0.0323909),(0.0464859,-0.0015000,0.0301451),(0.0464859,-0.0015000,0.0305717),(0.0462732,-0.0015000,0.0323909),(0.0464859,-0.0015000,0.0301451),(0.0462732,-0.0015000,0.0323909),(0.0461872,-0.0015000,0.0323743),(0.0464859,-0.0015000,0.0301451),(0.0461872,-0.0015000,0.0323743),(0.0461155,-0.0015000,0.0323243),(0.0464859,-0.0015000,0.0301451),(0.0461155,-0.0015000,0.0323243),(0.0460734,-0.0015000,0.0322499),(0.0464859,-0.0015000,0.0301451),(0.0460734,-0.0015000,0.0322499),(0.0460594,-0.0015000,0.0321708),(0.0464859,-0.0015000,0.0301451),(0.0460594,-0.0015000,0.0321708),(0.0460594,-0.0015000,0.0285439),(0.0464859,-0.0015000,0.0301451),(0.0460594,-0.0015000,0.0285439),(0.0460823,-0.0015000,0.0284605),(0.0464859,-0.0015000,0.0301451),(0.0460823,-0.0015000,0.0284605),(0.0461255,-0.0015000,0.0284010),(0.0464859,-0.0015000,0.0301451),(0.0461255,-0.0015000,0.0284010),(0.0462732,-0.0015000,0.0283534),(0.0464859,-0.0015000,0.0301451),(0.0462732,-0.0015000,0.0283534),(0.0463472,-0.0015000,0.0283653),(0.0464859,-0.0015000,0.0301451),(0.0463472,-0.0015000,0.0283653),(0.0464073,-0.0015000,0.0284010),(0.0464859,-0.0015000,0.0301451),(0.0464073,-0.0015000,0.0284010),(0.0464859,-0.0015000,0.0285439),(0.0450974,-0.0015000,0.0301504),(0.0450953,-0.0015000,0.0285439),(0.0451114,-0.0015000,0.0284619),(0.0450974,-0.0015000,0.0301504),(0.0451114,-0.0015000,0.0284619),(0.0451598,-0.0015000,0.0283936),(0.0450974,-0.0015000,0.0301504),(0.0451598,-0.0015000,0.0283936),(0.0452286,-0.0015000,0.0283476),(0.0450974,-0.0015000,0.0301504),(0.0452286,-0.0015000,0.0283476),(0.0453059,-0.0015000,0.0283322),(0.0450974,-0.0015000,0.0301504),(0.0453059,-0.0015000,0.0283322),(0.0453887,-0.0015000,0.0283476),(0.0450974,-0.0015000,0.0301504),(0.0453887,-0.0015000,0.0283476),(0.0454572,-0.0015000,0.0283936),(0.0450974,-0.0015000,0.0301504),(0.0454572,-0.0015000,0.0283936),(0.0455032,-0.0015000,0.0284619),(0.0450974,-0.0015000,0.0301504),(0.0455032,-0.0015000,0.0284619),(0.0455186,-0.0015000,0.0285439),(0.0450974,-0.0015000,0.0301504),(0.0455186,-0.0015000,0.0285439),(0.0455186,-0.0015000,0.0321708),(0.0450974,-0.0015000,0.0301504),(0.0455186,-0.0015000,0.0321708),(0.0455032,-0.0015000,0.0322523),(0.0450974,-0.0015000,0.0301504),(0.0455032,-0.0015000,0.0322523),(0.0454572,-0.0015000,0.0323211),(0.0450974,-0.0015000,0.0301504),(0.0454572,-0.0015000,0.0323211),(0.0453897,-0.0015000,0.0323687),(0.0450974,-0.0015000,0.0301504),(0.0453897,-0.0015000,0.0323687),(0.0453101,-0.0015000,0.0323846),(0.0450974,-0.0015000,0.0301504),(0.0453101,-0.0015000,0.0323846),(0.0452281,-0.0015000,0.0323682),(0.0450974,-0.0015000,0.0301504),(0.0452281,-0.0015000,0.0323682),(0.0451577,-0.0015000,0.0323190),(0.0450974,-0.0015000,0.0301504),(0.0451577,-0.0015000,0.0323190),(0.0451109,-0.0015000,0.0322544),(0.0450974,-0.0015000,0.0301504),(0.0451109,-0.0015000,0.0322544),(0.0450953,-0.0015000,0.0321708),(0.0450974,-0.0015000,0.0301504),(0.0450953,-0.0015000,0.0321708),(0.0450953,-0.0015000,0.0305717),(0.0428960,-0.0015000,0.0301504),(0.0450974,-0.0015000,0.0301504),(0.0450953,-0.0015000,0.0305717),(0.0428960,-0.0015000,0.0301504),(0.0450953,-0.0015000,0.0305717),(0.0429024,-0.0015000,0.0305717),(0.0428960,-0.0015000,0.0301504),(0.0429024,-0.0015000,0.0305717),(0.0429024,-0.0015000,0.0321708),(0.0428960,-0.0015000,0.0301504),(0.0429024,-0.0015000,0.0321708),(0.0428860,-0.0015000,0.0322523),(0.0428960,-0.0015000,0.0301504),(0.0428860,-0.0015000,0.0322523),(0.0428368,-0.0015000,0.0323211),(0.0428960,-0.0015000,0.0301504),(0.0428368,-0.0015000,0.0323211),(0.0427672,-0.0015000,0.0323687),(0.0428960,-0.0015000,0.0301504),(0.0427672,-0.0015000,0.0323687),(0.0426897,-0.0015000,0.0323846),(0.0428960,-0.0015000,0.0301504),(0.0426897,-0.0015000,0.0323846),(0.0426074,-0.0015000,0.0323687),(0.0428960,-0.0015000,0.0301504),(0.0426074,-0.0015000,0.0323687),(0.0425362,-0.0015000,0.0323211),(0.0428960,-0.0015000,0.0301504),(0.0425362,-0.0015000,0.0323211),(0.0424878,-0.0015000,0.0322523),(0.0428960,-0.0015000,0.0301504),(0.0424878,-0.0015000,0.0322523),(0.0424717,-0.0015000,0.0321708),(0.0428960,-0.0015000,0.0301504),(0.0424717,-0.0015000,0.0321708),(0.0424717,-0.0015000,0.0285439),(0.0428960,-0.0015000,0.0301504),(0.0424717,-0.0015000,0.0285439),(0.0424873,-0.0015000,0.0284619),(0.0428960,-0.0015000,0.0301504),(0.0424873,-0.0015000,0.0284619),(0.0425341,-0.0015000,0.0283936),(0.0428960,-0.0015000,0.0301504),(0.0425341,-0.0015000,0.0283936),(0.0426037,-0.0015000,0.0283476),(0.0428960,-0.0015000,0.0301504),(0.0426037,-0.0015000,0.0283476),(0.0426854,-0.0015000,0.0283322),(0.0428960,-0.0015000,0.0301504),(0.0426854,-0.0015000,0.0283322),(0.0427632,-0.0015000,0.0283473),(0.0428960,-0.0015000,0.0301504),(0.0427632,-0.0015000,0.0283473),(0.0428357,-0.0015000,0.0283925),(0.0428960,-0.0015000,0.0301504),(0.0428357,-0.0015000,0.0283925),(0.0428810,-0.0015000,0.0284574),(0.0428960,-0.0015000,0.0301504),(0.0428810,-0.0015000,0.0284574),(0.0428960,-0.0015000,0.0285439),(0.0500779,-0.0015000,0.0298626),(0.0500779,-0.0015000,0.0321708),(0.0500625,-0.0015000,0.0322523),(0.0500779,-0.0015000,0.0298626),(0.0500625,-0.0015000,0.0322523),(0.0500165,-0.0015000,0.0323211),(0.0500779,-0.0015000,0.0298626),(0.0500165,-0.0015000,0.0323211),(0.0499490,-0.0015000,0.0323687),(0.0500829,-0.0015000,0.0297501),(0.0500779,-0.0015000,0.0298626),(0.0499490,-0.0015000,0.0323687),(0.0500829,-0.0015000,0.0297501),(0.0499490,-0.0015000,0.0323687),(0.0498694,-0.0015000,0.0323846),(0.0500829,-0.0015000,0.0297501),(0.0498694,-0.0015000,0.0323846),(0.0497861,-0.0015000,0.0323682),(0.0500829,-0.0015000,0.0297501),(0.0497861,-0.0015000,0.0323682),(0.0497117,-0.0015000,0.0323190),(0.0500829,-0.0015000,0.0297501),(0.0497117,-0.0015000,0.0323190),(0.0496665,-0.0015000,0.0322544),(0.0500829,-0.0015000,0.0297501),(0.0496665,-0.0015000,0.0322544),(0.0496514,-0.0015000,0.0321708),(0.0500829,-0.0015000,0.0297501),(0.0496514,-0.0015000,0.0321708),(0.0496514,-0.0015000,0.0298626),(0.0500829,-0.0015000,0.0297501),(0.0496514,-0.0015000,0.0298626),(0.0496583,-0.0015000,0.0297075),(0.0500829,-0.0015000,0.0297501),(0.0496583,-0.0015000,0.0297075),(0.0496792,-0.0015000,0.0295581),(0.0500829,-0.0015000,0.0297501),(0.0496792,-0.0015000,0.0295581),(0.0497139,-0.0015000,0.0294145),(0.0500829,-0.0015000,0.0297501),(0.0497139,-0.0015000,0.0294145),(0.0497625,-0.0015000,0.0292765),(0.0500829,-0.0015000,0.0297501),(0.0497625,-0.0015000,0.0292765),(0.0498250,-0.0015000,0.0291443),(0.0500829,-0.0015000,0.0297501),(0.0498250,-0.0015000,0.0291443),(0.0499014,-0.0015000,0.0290178),(0.0500829,-0.0015000,0.0297501),(0.0499014,-0.0015000,0.0290178),(0.0499917,-0.0015000,0.0288971),(0.0500829,-0.0015000,0.0297501),(0.0499917,-0.0015000,0.0288971),(0.0500959,-0.0015000,0.0287820),(0.0500829,-0.0015000,0.0297501),(0.0500959,-0.0015000,0.0287820),(0.0502085,-0.0015000,0.0286766),(0.0502085,-0.0015000,0.0286766),(0.0503271,-0.0015000,0.0285852),(0.0504519,-0.0015000,0.0285079),(0.0502085,-0.0015000,0.0286766),(0.0504519,-0.0015000,0.0285079),(0.0505827,-0.0015000,0.0284447),(0.0502085,-0.0015000,0.0286766),(0.0505827,-0.0015000,0.0284447),(0.0507196,-0.0015000,0.0283955),(0.0502085,-0.0015000,0.0286766),(0.0507196,-0.0015000,0.0283955),(0.0508626,-0.0015000,0.0283603),(0.0502085,-0.0015000,0.0286766),(0.0508626,-0.0015000,0.0283603),(0.0510117,-0.0015000,0.0283393),(0.0502085,-0.0015000,0.0286766),(0.0510117,-0.0015000,0.0283393),(0.0511669,-0.0015000,0.0283322),(0.0502085,-0.0015000,0.0286766),(0.0511669,-0.0015000,0.0283322),(0.0513223,-0.0015000,0.0283393),(0.0502085,-0.0015000,0.0286766),(0.0513223,-0.0015000,0.0283393),(0.0514721,-0.0015000,0.0283603),(0.0502085,-0.0015000,0.0286766),(0.0514721,-0.0015000,0.0283603),(0.0516161,-0.0015000,0.0283955),(0.0502085,-0.0015000,0.0286766),(0.0516161,-0.0015000,0.0283955),(0.0517546,-0.0015000,0.0284447),(0.0502085,-0.0015000,0.0286766),(0.0517546,-0.0015000,0.0284447),(0.0518873,-0.0015000,0.0285079),(0.0502085,-0.0015000,0.0286766),(0.0518873,-0.0015000,0.0285079),(0.0520144,-0.0015000,0.0285852),(0.0502085,-0.0015000,0.0286766),(0.0520144,-0.0015000,0.0285852),(0.0521359,-0.0015000,0.0286766),(0.0502085,-0.0015000,0.0286766),(0.0521359,-0.0015000,0.0286766),(0.0522517,-0.0015000,0.0287820),(0.0522517,-0.0015000,0.0287820),(0.0523564,-0.0015000,0.0288957),(0.0524471,-0.0015000,0.0290156),(0.0522517,-0.0015000,0.0287820),(0.0524471,-0.0015000,0.0290156),(0.0525239,-0.0015000,0.0291418),(0.0522517,-0.0015000,0.0287820),(0.0525239,-0.0015000,0.0291418),(0.0525867,-0.0015000,0.0292741),(0.0522517,-0.0015000,0.0287820),(0.0525867,-0.0015000,0.0292741),(0.0526355,-0.0015000,0.0294127),(0.0522517,-0.0015000,0.0287820),(0.0526355,-0.0015000,0.0294127),(0.0526704,-0.0015000,0.0295575),(0.0522517,-0.0015000,0.0287820),(0.0526704,-0.0015000,0.0295575),(0.0526914,-0.0015000,0.0297085),(0.0522517,-0.0015000,0.0287820),(0.0526914,-0.0015000,0.0297085),(0.0526983,-0.0015000,0.0298657),(0.0522517,-0.0015000,0.0287820),(0.0526983,-0.0015000,0.0298657),(0.0526983,-0.0015000,0.0321708),(0.0522517,-0.0015000,0.0287820),(0.0526983,-0.0015000,0.0321708),(0.0526830,-0.0015000,0.0322523),(0.0522517,-0.0015000,0.0287820),(0.0526830,-0.0015000,0.0322523),(0.0526369,-0.0015000,0.0323211),(0.0522517,-0.0015000,0.0287820),(0.0526369,-0.0015000,0.0323211),(0.0525687,-0.0015000,0.0323687),(0.0522517,-0.0015000,0.0287820),(0.0525687,-0.0015000,0.0323687),(0.0524867,-0.0015000,0.0323846),(0.0522517,-0.0015000,0.0287820),(0.0524867,-0.0015000,0.0323846),(0.0524046,-0.0015000,0.0323687),(0.0522517,-0.0015000,0.0287820),(0.0524046,-0.0015000,0.0323687),(0.0523364,-0.0015000,0.0323211),(0.0523364,-0.0015000,0.0323211),(0.0522903,-0.0015000,0.0322523),(0.0522750,-0.0015000,0.0321708),(0.0523364,-0.0015000,0.0323211),(0.0522750,-0.0015000,0.0321708),(0.0522750,-0.0015000,0.0298657),(0.0522517,-0.0015000,0.0287820),(0.0523364,-0.0015000,0.0323211),(0.0522750,-0.0015000,0.0298657),(0.0522517,-0.0015000,0.0287820),(0.0522750,-0.0015000,0.0298657),(0.0522699,-0.0015000,0.0297537),(0.0522517,-0.0015000,0.0287820),(0.0522699,-0.0015000,0.0297537),(0.0522546,-0.0015000,0.0296457),(0.0522517,-0.0015000,0.0287820),(0.0522546,-0.0015000,0.0296457),(0.0522290,-0.0015000,0.0295418),(0.0522517,-0.0015000,0.0287820),(0.0522290,-0.0015000,0.0295418),(0.0521932,-0.0015000,0.0294419),(0.0522517,-0.0015000,0.0287820),(0.0521932,-0.0015000,0.0294419),(0.0521473,-0.0015000,0.0293460),(0.0522517,-0.0015000,0.0287820),(0.0521473,-0.0015000,0.0293460),(0.0520910,-0.0015000,0.0292542),(0.0522517,-0.0015000,0.0287820),(0.0520910,-0.0015000,0.0292542),(0.0520246,-0.0015000,0.0291664),(0.0522517,-0.0015000,0.0287820),(0.0520246,-0.0015000,0.0291664),(0.0519480,-0.0015000,0.0290826),(0.0522517,-0.0015000,0.0287820),(0.0519480,-0.0015000,0.0290826),(0.0518661,-0.0015000,0.0290062),(0.0522517,-0.0015000,0.0287820),(0.0518661,-0.0015000,0.0290062),(0.0517798,-0.0015000,0.0289400),(0.0522517,-0.0015000,0.0287820),(0.0517798,-0.0015000,0.0289400),(0.0516890,-0.0015000,0.0288839),(0.0522517,-0.0015000,0.0287820),(0.0516890,-0.0015000,0.0288839),(0.0515937,-0.0015000,0.0288381),(0.0522517,-0.0015000,0.0287820),(0.0515937,-0.0015000,0.0288381),(0.0514940,-0.0015000,0.0288025),(0.0522517,-0.0015000,0.0287820),(0.0514940,-0.0015000,0.0288025),(0.0513898,-0.0015000,0.0287770),(0.0522517,-0.0015000,0.0287820),(0.0513898,-0.0015000,0.0287770),(0.0512811,-0.0015000,0.0287617),(0.0502085,-0.0015000,0.0286766),(0.0522517,-0.0015000,0.0287820),(0.0512811,-0.0015000,0.0287617),(0.0502085,-0.0015000,0.0286766),(0.0512811,-0.0015000,0.0287617),(0.0511680,-0.0015000,0.0287566),(0.0502085,-0.0015000,0.0286766),(0.0511680,-0.0015000,0.0287566),(0.0510568,-0.0015000,0.0287617),(0.0502085,-0.0015000,0.0286766),(0.0510568,-0.0015000,0.0287617),(0.0509499,-0.0015000,0.0287769),(0.0502085,-0.0015000,0.0286766),(0.0509499,-0.0015000,0.0287769),(0.0508472,-0.0015000,0.0288022),(0.0502085,-0.0015000,0.0286766),(0.0508472,-0.0015000,0.0288022),(0.0507486,-0.0015000,0.0288376),(0.0502085,-0.0015000,0.0286766),(0.0507486,-0.0015000,0.0288376),(0.0506543,-0.0015000,0.0288831),(0.0502085,-0.0015000,0.0286766),(0.0506543,-0.0015000,0.0288831),(0.0505641,-0.0015000,0.0289388),(0.0502085,-0.0015000,0.0286766),(0.0505641,-0.0015000,0.0289388),(0.0504782,-0.0015000,0.0290046),(0.0502085,-0.0015000,0.0286766),(0.0504782,-0.0015000,0.0290046),(0.0503965,-0.0015000,0.0290805),(0.0502085,-0.0015000,0.0286766),(0.0503965,-0.0015000,0.0290805),(0.0503218,-0.0015000,0.0291635),(0.0502085,-0.0015000,0.0286766),(0.0503218,-0.0015000,0.0291635),(0.0502571,-0.0015000,0.0292508),(0.0502085,-0.0015000,0.0286766),(0.0502571,-0.0015000,0.0292508),(0.0502023,-0.0015000,0.0293423),(0.0502085,-0.0015000,0.0286766),(0.0502023,-0.0015000,0.0293423),(0.0501575,-0.0015000,0.0294379),(0.0502085,-0.0015000,0.0286766),(0.0501575,-0.0015000,0.0294379),(0.0501227,-0.0015000,0.0295378),(0.0502085,-0.0015000,0.0286766),(0.0501227,-0.0015000,0.0295378),(0.0500978,-0.0015000,0.0296418),(0.0500829,-0.0015000,0.0297501),(0.0502085,-0.0015000,0.0286766),(0.0500978,-0.0015000,0.0296418),(0.0418755,-0.0015000,0.0320113),(0.0419287,-0.0015000,0.0321708),(0.0419136,-0.0015000,0.0322507),(0.0418755,-0.0015000,0.0320113),(0.0419136,-0.0015000,0.0322507),(0.0418684,-0.0015000,0.0323190),(0.0418755,-0.0015000,0.0320113),(0.0418684,-0.0015000,0.0323190),(0.0418001,-0.0015000,0.0323682),(0.0418755,-0.0015000,0.0320113),(0.0418001,-0.0015000,0.0323682),(0.0417160,-0.0015000,0.0323846),(0.0418755,-0.0015000,0.0320113),(0.0417160,-0.0015000,0.0323846),(0.0390956,-0.0015000,0.0323846),(0.0418755,-0.0015000,0.0320113),(0.0390956,-0.0015000,0.0323846),(0.0390024,-0.0015000,0.0323642),(0.0418755,-0.0015000,0.0320113),(0.0390024,-0.0015000,0.0323642),(0.0389284,-0.0015000,0.0323031),(0.0418755,-0.0015000,0.0320113),(0.0389284,-0.0015000,0.0323031),(0.0388818,-0.0015000,0.0321708),(0.0418755,-0.0015000,0.0320113),(0.0388818,-0.0015000,0.0321708),(0.0388818,-0.0015000,0.0321549),(0.0418755,-0.0015000,0.0320113),(0.0388818,-0.0015000,0.0321549),(0.0389421,-0.0015000,0.0320258),(0.0418755,-0.0015000,0.0320113),(0.0389421,-0.0015000,0.0320258),(0.0390133,-0.0015000,0.0319750),(0.0418755,-0.0015000,0.0320113),(0.0390133,-0.0015000,0.0319750),(0.0390956,-0.0015000,0.0319581),(0.0418755,-0.0015000,0.0320113),(0.0390956,-0.0015000,0.0319581),(0.0401952,-0.0015000,0.0319581),(0.0401952,-0.0015000,0.0319581),(0.0401952,-0.0015000,0.0285439),(0.0402105,-0.0015000,0.0284619),(0.0401952,-0.0015000,0.0319581),(0.0402105,-0.0015000,0.0284619),(0.0402566,-0.0015000,0.0283936),(0.0401952,-0.0015000,0.0319581),(0.0402566,-0.0015000,0.0283936),(0.0403248,-0.0015000,0.0283476),(0.0401952,-0.0015000,0.0319581),(0.0403248,-0.0015000,0.0283476),(0.0404068,-0.0015000,0.0283322),(0.0401952,-0.0015000,0.0319581),(0.0404068,-0.0015000,0.0283322),(0.0404889,-0.0015000,0.0283476),(0.0401952,-0.0015000,0.0319581),(0.0404889,-0.0015000,0.0283476),(0.0405571,-0.0015000,0.0283936),(0.0401952,-0.0015000,0.0319581),(0.0405571,-0.0015000,0.0283936),(0.0406032,-0.0015000,0.0284619),(0.0401952,-0.0015000,0.0319581),(0.0406032,-0.0015000,0.0284619),(0.0406185,-0.0015000,0.0285439),(0.0401952,-0.0015000,0.0319581),(0.0406185,-0.0015000,0.0285439),(0.0406185,-0.0015000,0.0319581),(0.0418755,-0.0015000,0.0320113),(0.0401952,-0.0015000,0.0319581),(0.0406185,-0.0015000,0.0319581),(0.0418755,-0.0015000,0.0320113),(0.0406185,-0.0015000,0.0319581),(0.0417160,-0.0015000,0.0319581),(0.0418755,-0.0015000,0.0320113),(0.0417160,-0.0015000,0.0319581),(0.0418091,-0.0015000,0.0319714)));
#1919=COMPLEX_TRIANGULATED_SURFACE_SET('surface set',#1918,4356,(),(),(),((1,2,3),(4,5,6),(7,8,9),(10,11,12),(13,14,15),(16,17,18),(19,20,21),(22,23,24),(25,26,27),(28,29,30),(31,32,33),(34,35,36),(37,38,39),(40,41,42),(43,44,45),(46,47,48),(49,50,51),(52,53,54),(55,56,57),(58,59,60),(61,62,63),(64,65,66),(67,68,69),(70,71,72),(73,74,75),(76,77,78),(79,80,81),(82,83,84),(85,86,87),(88,89,90),(91,92,93),(94,95,96),(97,98,99),(100,101,102),(103,104,105),(106,107,108),(109,110,111),(112,113,114),(115,116,117),(118,119,120),(121,122,123),(124,125,126),(127,128,129),(130,131,132),(133,134,135),(136,137,138),(139,140,141),(142,143,144),(145,146,147),(148,149,150),(151,152,153),(154,155,156),(157,158,159),(160,161,162),(163,164,165),(166,167,168),(169,170,171),(172,173,174),(175,176,177),(178,179,180),(181,182,183),(184,185,186),(187,188,189),(190,191,192),(193,194,195),(196,197,198),(199,200,201),(202,203,204),(205,206,207),(208,209,210),(211,212,213),(214,215,216),(217,218,219),(220,221,222),(223,224,225),(226,227,228),(229,230,231),(232,233,234),(235,236,237),(238,239,240),(241,242,243),(244,245,246),(247,248,249),(250,251,252),(253,254,255),(256,257,258),(259,260,261),(262,263,264),(265,266,267),(268,269,270),(271,272,273),(274,275,276),(277,278,279),(280,281,282),(283,284,285),(286,287,288),(289,290,291),(292,293,294),(295,296,297),(298,299,300),(301,302,303),(304,305,306),(307,308,309),(310,311,312),(313,314,315),(316,317,318),(319,320,321),(322,323,324),(325,326,327),(328,329,330),(331,332,333),(334,335,336),(337,338,339),(340,341,342),(343,344,345),(346,347,348),(349,350,351),(352,353,354),(355,356,357),(358,359,360),(361,362,363),(364,365,366),(367,368,369),(370,371,372),(373,374,375),(376,377,378),(379,380,381),(382,383,384),(385,386,387),(388,389,390),(391,392,393),(394,395,396),(397,398,399),(400,401,402),(403,404,405),(406,407,408),(409,410,411),(412,413,414),(415,416,417),(418,419,420),(421,422,423),(424,425,426),(427,428,429),(430,431,432),(433,434,435),(436,437,438),(439,440,441),(442,443,444),(445,446,447),(448,449,450),(451,452,453),(454,455,456),(457,458,459),(460,461,462),(463,464,465),(466,467,468),(469,470,471),(472,473,474),(475,476,477),(478,479,480),(481,482,483),(484,485,486),(487,488,489),(490,491,492),(493,494,495),(496,497,498),(499,500,501),(502,503,504),(505,506,507),(508,509,510),(511,512,513),(514,515,516),(517,518,519),(520,521,522),(523,524,525),(526,527,528),(529,530,531),(532,533,534),(535,536,537),(538,539,540),(541,542,543),(544,545,546),(547,548,549),(550,551,552),(553,554,555),(556,557,558),(559,560,561),(562,563,564),(565,566,567),(568,569,570),(571,572,573),(574,575,576),(577,578,579),(580,581,582),(583,584,585),(586,587,588),(589,590,591),(592,593,594),(595,596,597),(598,599,600),(601,602,603),(604,605,606),(607,608,609),(610,611,612),(613,614,615),(616,617,618),(619,620,621),(622,623,624),(625,626,627),(628,629,630),(631,632,633),(634,635,636),(637,638,639),(640,641,642),(643,644,645),(646,647,648),(649,650,651),(652,653,654),(655,656,657),(658,659,660),(661,662,663),(664,665,666),(667,668,669),(670,671,672),(673,674,675),(676,677,678),(679,680,681),(682,683,684),(685,686,687),(688,689,690),(691,692,693),(694,695,696),(697,698,699),(700,701,702),(703,704,705),(706,707,708),(709,710,711),(712,713,714),(715,716,717),(718,719,720),(721,722,723),(724,725,726),(727,728,729),(730,731,732),(733,734,735),(736,737,738),(739,740,741),(742,743,744),(745,746,747),(748,749,750),(751,752,753),(754,755,756),(757,758,759),(760,761,762),(763,764,765),(766,767,768),(769,770,771),(772,773,774),(775,776,777),(778,779,780),(781,782,783),(784,785,786),(787,788,789),(790,791,792),(793,794,795),(796,797,798),(799,800,801),(802,803,804),(805,806,807),(808,809,810),(811,812,813),(814,815,816),(817,818,819),(820,821,822),(823,824,825),(826,827,828),(829,830,831),(832,833,834),(835,836,837),(838,839,840),(841,842,843),(844,845,846),(847,848,849),(850,851,852),(853,854,855),(856,857,858),(859,860,861),(862,863,864),(865,866,867),(868,869,870),(871,872,873),(874,875,876),(877,878,879),(880,881,882),(883,884,885),(886,887,888),(889,890,891),(892,893,894),(895,896,897),(898,899,900),(901,902,903),(904,905,906),(907,908,909),(910,911,912),(913,914,915),(916,917,918),(919,920,921),(922,923,924),(925,926,927),(928,929,930),(931,932,933),(934,935,936),(937,938,939),(940,941,942),(943,944,945),(946,947,948),(949,950,951),(952,953,954),(955,956,957),(958,959,960),(961,962,963),(964,965,966),(967,968,969),(970,971,972),(973,974,975),(976,977,978),(979,980,981),(982,983,984),(985,986,987),(988,989,990),(991,992,993),(994,995,996),(997,998,999),(1000,1001,1002),(1003,1004,1005),(1006,1007,1008),(1009,1010,1011),(1012,1013,1014),(1015,1016,1017),(1018,1019,1020),(1021,1022,1023),(1024,1025,1026),(1027,1028,1029),(1030,1031,1032),(1033,1034,1035),(1036,1037,1038),(1039,1040,1041),(1042,1043,1044),(1045,1046,1047),(1048,1049,1050),(1051,1052,1053),(1054,1055,1056),(1057,1058,1059),(1060,1061,1062),(1063,1064,1065),(1066,1067,1068),(1069,1070,1071),(1072,1073,1074),(1075,1076,1077),(1078,1079,1080),(1081,1082,1083),(1084,1085,1086),(1087,1088,1089),(1090,1091,1092),(1093,1094,1095),(1096,1097,1098),(1099,1100,1101),(1102,1103,1104),(1105,1106,1107),(1108,1109,1110),(1111,1112,1113),(1114,1115,1116),(1117,1118,1119),(1120,1121,1122),(1123,1124,1125),(1126,1127,1128),(1129,1130,1131),(1132,1133,1134),(1135,1136,1137),(1138,1139,1140),(1141,1142,1143),(1144,1145,1146),(1147,1148,1149),(1150,1151,1152),(1153,1154,1155),(1156,1157,1158),(1159,1160,1161),(1162,1163,1164),(1165,1166,1167),(1168,1169,1170),(1171,1172,1173),(1174,1175,1176),(1177,1178,1179),(1180,1181,1182),(1183,1184,1185),(1186,1187,1188),(1189,1190,1191),(1192,1193,1194),(1195,1196,1197),(1198,1199,1200),(1201,1202,1203),(1204,1205,1206),(1207,1208,1209),(1210,1211,1212),(1213,1214,1215),(1216,1217,1218),(1219,1220,1221),(1222,1223,1224),(1225,1226,1227),(1228,1229,1230),(1231,1232,1233),(1234,1235,1236),(1237,1238,1239),(1240,1241,1242),(1243,1244,1245),(1246,1247,1248),(1249,1250,1251),(1252,1253,1254),(1255,1256,1257),(1258,1259,1260),(1261,1262,1263),(1264,1265,1266),(1267,1268,1269),(1270,1271,1272),(1273,1274,1275),(1276,1277,1278),(1279,1280,1281),(1282,1283,1284),(1285,1286,1287),(1288,1289,1290),(1291,1292,1293),(1294,1295,1296),(1297,1298,1299),(1300,1301,1302),(1303,1304,1305),(1306,1307,1308),(1309,1310,1311),(1312,1313,1314),(1315,1316,1317),(1318,1319,1320),(1321,1322,1323),(1324,1325,1326),(1327,1328,1329),(1330,1331,1332),(1333,1334,1335),(1336,1337,1338),(1339,1340,1341),(1342,1343,1344),(1345,1346,1347),(1348,1349,1350),(1351,1352,1353),(1354,1355,1356),(1357,1358,1359),(1360,1361,1362),(1363,1364,1365),(1366,1367,1368),(1369,1370,1371),(1372,1373,1374),(1375,1376,1377),(1378,1379,1380),(1381,1382,1383),(1384,1385,1386),(1387,1388,1389),(1390,1391,1392),(1393,1394,1395),(1396,1397,1398),(1399,1400,1401),(1402,1403,1404),(1405,1406,1407),(1408,1409,1410),(1411,1412,1413),(1414,1415,1416),(1417,1418,1419),(1420,1421,1422),(1423,1424,1425),(1426,1427,1428),(1429,1430,1431),(1432,1433,1434),(1435,1436,1437),(1438,1439,1440),(1441,1442,1443),(1444,1445,1446),(1447,1448,1449),(1450,1451,1452),(1453,1454,1455),(1456,1457,1458),(1459,1460,1461),(1462,1463,1464),(1465,1466,1467),(1468,1469,1470),(1471,1472,1473),(1474,1475,1476),(1477,1478,1479),(1480,1481,1482),(1483,1484,1485),(1486,1487,1488),(1489,1490,1491),(1492,1493,1494),(1495,1496,1497),(1498,1499,1500),(1501,1502,1503),(1504,1505,1506),(1507,1508,1509),(1510,1511,1512),(1513,1514,1515),(1516,1517,1518),(1519,1520,1521),(1522,1523,1524),(1525,1526,1527),(1528,1529,1530),(1531,1532,1533),(1534,1535,1536),(1537,1538,1539),(1540,1541,1542),(1543,1544,1545),(1546,1547,1548),(1549,1550,1551),(1552,1553,1554),(1555,1556,1557),(1558,1559,1560),(1561,1562,1563),(1564,1565,1566),(1567,1568,1569),(1570,1571,1572),(1573,1574,1575),(1576,1577,1578),(1579,1580,1581),(1582,1583,1584),(1585,1586,1587),(1588,1589,1590),(1591,1592,1593),(1594,1595,1596),(1597,1598,1599),(1600,1601,1602),(1603,1604,1605),(1606,1607,1608),(1609,1610,1611),(1612,1613,1614),(1615,1616,1617),(1618,1619,1620),(1621,1622,1623),(1624,1625,1626),(1627,1628,1629),(1630,1631,1632),(1633,1634,1635),(1636,1637,1638),(1639,1640,1641),(1642,1643,1644),(1645,1646,1647),(1648,1649,1650),(1651,1652,1653),(1654,1655,1656),(1657,1658,1659),(1660,1661,1662),(1663,1664,1665),(1666,1667,1668),(1669,1670,1671),(1672,1673,1674),(1675,1676,1677),(1678,1679,1680),(1681,1682,1683),(1684,1685,1686),(1687,1688,1689),(1690,1691,1692),(1693,1694,1695),(1696,1697,1698),(1699,1700,1701),(1702,1703,1704),(1705,1706,1707),(1708,1709,1710),(1711,1712,1713),(1714,1715,1716),(1717,1718,1719),(1720,1721,1722),(1723,1724,1725),(1726,1727,1728),(1729,1730,1731),(1732,1733,1734),(1735,1736,1737),(1738,1739,1740),(1741,1742,1743),(1744,1745,1746),(1747,1748,1749),(1750,1751,1752),(1753,1754,1755),(1756,1757,1758),(1759,1760,1761),(1762,1763,1764),(1765,1766,1767),(1768,1769,1770),(1771,1772,1773),(1774,1775,1776),(1777,1778,1779),(1780,1781,1782),(1783,1784,1785),(1786,1787,1788),(1789,1790,1791),(1792,1793,1794),(1795,1796,1797),(1798,1799,1800),(1801,1802,1803),(1804,1805,1806),(1807,1808,1809),(1810,1811,1812),(1813,1814,1815),(1816,1817,1818),(1819,1820,1821),(1822,1823,1824),(1825,1826,1827),(1828,1829,1830),(1831,1832,1833),(1834,1835,1836),(1837,1838,1839),(1840,1841,1842),(1843,1844,1845),(1846,1847,1848),(1849,1850,1851),(1852,1853,1854),(1855,1856,1857),(1858,1859,1860),(1861,1862,1863),(1864,1865,1866),(1867,1868,1869),(1870,1871,1872),(1873,1874,1875),(1876,1877,1878),(1879,1880,1881),(1882,1883,1884),(1885,1886,1887),(1888,1889,1890),(1891,1892,1893),(1894,1895,1896),(1897,1898,1899),(1900,1901,1902),(1903,1904,1905),(1906,1907,1908),(1909,1910,1911),(1912,1913,1914),(1915,1916,1917),(1918,1919,1920),(1921,1922,1923),(1924,1925,1926),(1927,1928,1929),(1930,1931,1932),(1933,1934,1935),(1936,1937,1938),(1939,1940,1941),(1942,1943,1944),(1945,1946,1947),(1948,1949,1950),(1951,1952,1953),(1954,1955,1956),(1957,1958,1959),(1960,1961,1962),(1963,1964,1965),(1966,1967,1968),(1969,1970,1971),(1972,1973,1974),(1975,1976,1977),(1978,1979,1980),(1981,1982,1983),(1984,1985,1986),(1987,1988,1989),(1990,1991,1992),(1993,1994,1995),(1996,1997,1998),(1999,2000,2001),(2002,2003,2004),(2005,2006,2007),(2008,2009,2010),(2011,2012,2013),(2014,2015,2016),(2017,2018,2019),(2020,2021,2022),(2023,2024,2025),(2026,2027,2028),(2029,2030,2031),(2032,2033,2034),(2035,2036,2037),(2038,2039,2040),(2041,2042,2043),(2044,2045,2046),(2047,2048,2049),(2050,2051,2052),(2053,2054,2055),(2056,2057,2058),(2059,2060,2061),(2062,2063,2064),(2065,2066,2067),(2068,2069,2070),(2071,2072,2073),(2074,2075,2076),(2077,2078,2079),(2080,2081,2082),(2083,2084,2085),(2086,2087,2088),(2089,2090,2091),(2092,2093,2094),(2095,2096,2097),(2098,2099,2100),(2101,2102,2103),(2104,2105,2106),(2107,2108,2109),(2110,2111,2112),(2113,2114,2115),(2116,2117,2118),(2119,2120,2121),(2122,2123,2124),(2125,2126,2127),(2128,2129,2130),(2131,2132,2133),(2134,2135,2136),(2137,2138,2139),(2140,2141,2142),(2143,2144,2145),(2146,2147,2148),(2149,2150,2151),(2152,2153,2154),(2155,2156,2157),(2158,2159,2160),(2161,2162,2163),(2164,2165,2166),(2167,2168,2169),(2170,2171,2172),(2173,2174,2175),(2176,2177,2178),(2179,2180,2181),(2182,2183,2184),(2185,2186,2187),(2188,2189,2190),(2191,2192,2193),(2194,2195,2196),(2197,2198,2199),(2200,2201,2202),(2203,2204,2205),(2206,2207,2208),(2209,2210,2211),(2212,2213,2214),(2215,2216,2217),(2218,2219,2220),(2221,2222,2223),(2224,2225,2226),(2227,2228,2229),(2230,2231,2232),(2233,2234,2235),(2236,2237,2238),(2239,2240,2241),(2242,2243,2244),(2245,2246,2247),(2248,2249,2250),(2251,2252,2253),(2254,2255,2256),(2257,2258,2259),(2260,2261,2262),(2263,2264,2265),(2266,2267,2268),(2269,2270,2271),(2272,2273,2274),(2275,2276,2277),(2278,2279,2280),(2281,2282,2283),(2284,2285,2286),(2287,2288,2289),(2290,2291,2292),(2293,2294,2295),(2296,2297,2298),(2299,2300,2301),(2302,2303,2304),(2305,2306,2307),(2308,2309,2310),(2311,2312,2313),(2314,2315,2316),(2317,2318,2319),(2320,2321,2322),(2323,2324,2325),(2326,2327,2328),(2329,2330,2331),(2332,2333,2334),(2335,2336,2337),(2338,2339,2340),(2341,2342,2343),(2344,2345,2346),(2347,2348,2349),(2350,2351,2352),(2353,2354,2355),(2356,2357,2358),(2359,2360,2361),(2362,2363,2364),(2365,2366,2367),(2368,2369,2370),(2371,2372,2373),(2374,2375,2376),(2377,2378,2379),(2380,2381,2382),(2383,2384,2385),(2386,2387,2388),(2389,2390,2391),(2392,2393,2394),(2395,2396,2397),(2398,2399,2400),(2401,2402,2403),(2404,2405,2406),(2407,2408,2409),(2410,2411,2412),(2413,2414,2415),(2416,2417,2418),(2419,2420,2421),(2422,2423,2424),(2425,2426,2427),(2428,2429,2430),(2431,2432,2433),(2434,2435,2436),(2437,2438,2439),(2440,2441,2442),(2443,2444,2445),(2446,2447,2448),(2449,2450,2451),(2452,2453,2454),(2455,2456,2457),(2458,2459,2460),(2461,2462,2463),(2464,2465,2466),(2467,2468,2469),(2470,2471,2472),(2473,2474,2475),(2476,2477,2478),(2479,2480,2481),(2482,2483,2484),(2485,2486,2487),(2488,2489,2490),(2491,2492,2493),(2494,2495,2496),(2497,2498,2499),(2500,2501,2502),(2503,2504,2505),(2506,2507,2508),(2509,2510,2511),(2512,2513,2514),(2515,2516,2517),(2518,2519,2520),(2521,2522,2523),(2524,2525,2526),(2527,2528,2529),(2530,2531,2532),(2533,2534,2535),(2536,2537,2538),(2539,2540,2541),(2542,2543,2544),(2545,2546,2547),(2548,2549,2550),(2551,2552,2553),(2554,2555,2556),(2557,2558,2559),(2560,2561,2562),(2563,2564,2565),(2566,2567,2568),(2569,2570,2571),(2572,2573,2574),(2575,2576,2577),(2578,2579,2580),(2581,2582,2583),(2584,2585,2586),(2587,2588,2589),(2590,2591,2592),(2593,2594,2595),(2596,2597,2598),(2599,2600,2601),(2602,2603,2604),(2605,2606,2607),(2608,2609,2610),(2611,2612,2613),(2614,2615,2616),(2617,2618,2619),(2620,2621,2622),(2623,2624,2625),(2626,2627,2628),(2629,2630,2631),(2632,2633,2634),(2635,2636,2637),(2638,2639,2640),(2641,2642,2643),(2644,2645,2646),(2647,2648,2649),(2650,2651,2652),(2653,2654,2655),(2656,2657,2658),(2659,2660,2661),(2662,2663,2664),(2665,2666,2667),(2668,2669,2670),(2671,2672,2673),(2674,2675,2676),(2677,2678,2679),(2680,2681,2682),(2683,2684,2685),(2686,2687,2688),(2689,2690,2691),(2692,2693,2694),(2695,2696,2697),(2698,2699,2700),(2701,2702,2703),(2704,2705,2706),(2707,2708,2709),(2710,2711,2712),(2713,2714,2715),(2716,2717,2718),(2719,2720,2721),(2722,2723,2724),(2725,2726,2727),(2728,2729,2730),(2731,2732,2733),(2734,2735,2736),(2737,2738,2739),(2740,2741,2742),(2743,2744,2745),(2746,2747,2748),(2749,2750,2751),(2752,2753,2754),(2755,2756,2757),(2758,2759,2760),(2761,2762,2763),(2764,2765,2766),(2767,2768,2769),(2770,2771,2772),(2773,2774,2775),(2776,2777,2778),(2779,2780,2781),(2782,2783,2784),(2785,2786,2787),(2788,2789,2790),(2791,2792,2793),(2794,2795,2796),(2797,2798,2799),(2800,2801,2802),(2803,2804,2805),(2806,2807,2808),(2809,2810,2811),(2812,2813,2814),(2815,2816,2817),(2818,2819,2820),(2821,2822,2823),(2824,2825,2826),(2827,2828,2829),(2830,2831,2832),(2833,2834,2835),(2836,2837,2838),(2839,2840,2841),(2842,2843,2844),(2845,2846,2847),(2848,2849,2850),(2851,2852,2853),(2854,2855,2856),(2857,2858,2859),(2860,2861,2862),(2863,2864,2865),(2866,2867,2868),(2869,2870,2871),(2872,2873,2874),(2875,2876,2877),(2878,2879,2880),(2881,2882,2883),(2884,2885,2886),(2887,2888,2889),(2890,2891,2892),(2893,2894,2895),(2896,2897,2898),(2899,2900,2901),(2902,2903,2904),(2905,2906,2907),(2908,2909,2910),(2911,2912,2913),(2914,2915,2916),(2917,2918,2919),(2920,2921,2922),(2923,2924,2925),(2926,2927,2928),(2929,2930,2931),(2932,2933,2934),(2935,2936,2937),(2938,2939,2940),(2941,2942,2943),(2944,2945,2946),(2947,2948,2949),(2950,2951,2952),(2953,2954,2955),(2956,2957,2958),(2959,2960,2961),(2962,2963,2964),(2965,2966,2967),(2968,2969,2970),(2971,2972,2973),(2974,2975,2976),(2977,2978,2979),(2980,2981,2982),(2983,2984,2985),(2986,2987,2988),(2989,2990,2991),(2992,2993,2994),(2995,2996,2997),(2998,2999,3000),(3001,3002,3003),(3004,3005,3006),(3007,3008,3009),(3010,3011,3012),(3013,3014,3015),(3016,3017,3018),(3019,3020,3021),(3022,3023,3024),(3025,3026,3027),(3028,3029,3030),(3031,3032,3033),(3034,3035,3036),(3037,3038,3039),(3040,3041,3042),(3043,3044,3045),(3046,3047,3048),(3049,3050,3051),(3052,3053,3054),(3055,3056,3057),(3058,3059,3060),(3061,3062,3063),(3064,3065,3066),(3067,3068,3069),(3070,3071,3072),(3073,3074,3075),(3076,3077,3078),(3079,3080,3081),(3082,3083,3084),(3085,3086,3087),(3088,3089,3090),(3091,3092,3093),(3094,3095,3096),(3097,3098,3099),(3100,3101,3102),(3103,3104,3105),(3106,3107,3108),(3109,3110,3111),(3112,3113,3114),(3115,3116,3117),(3118,3119,3120),(3121,3122,3123),(3124,3125,3126),(3127,3128,3129),(3130,3131,3132),(3133,3134,3135),(3136,3137,3138),(3139,3140,3141),(3142,3143,3144),(3145,3146,3147),(3148,3149,3150),(3151,3152,3153),(3154,3155,3156),(3157,3158,3159),(3160,3161,3162),(3163,3164,3165),(3166,3167,3168),(3169,3170,3171),(3172,3173,3174),(3175,3176,3177),(3178,3179,3180),(3181,3182,3183),(3184,3185,3186),(3187,3188,3189),(3190,3191,3192),(3193,3194,3195),(3196,3197,3198),(3199,3200,3201),(3202,3203,3204),(3205,3206,3207),(3208,3209,3210),(3211,3212,3213),(3214,3215,3216),(3217,3218,3219),(3220,3221,3222),(3223,3224,3225),(3226,3227,3228),(3229,3230,3231),(3232,3233,3234),(3235,3236,3237),(3238,3239,3240),(3241,3242,3243),(3244,3245,3246),(3247,3248,3249),(3250,3251,3252),(3253,3254,3255),(3256,3257,3258),(3259,3260,3261),(3262,3263,3264),(3265,3266,3267),(3268,3269,3270),(3271,3272,3273),(3274,3275,3276),(3277,3278,3279),(3280,3281,3282),(3283,3284,3285),(3286,3287,3288),(3289,3290,3291),(3292,3293,3294),(3295,3296,3297),(3298,3299,3300),(3301,3302,3303),(3304,3305,3306),(3307,3308,3309),(3310,3311,3312),(3313,3314,3315),(3316,3317,3318),(3319,3320,3321),(3322,3323,3324),(3325,3326,3327),(3328,3329,3330),(3331,3332,3333),(3334,3335,3336),(3337,3338,3339),(3340,3341,3342),(3343,3344,3345),(3346,3347,3348),(3349,3350,3351),(3352,3353,3354),(3355,3356,3357),(3358,3359,3360),(3361,3362,3363),(3364,3365,3366),(3367,3368,3369),(3370,3371,3372),(3373,3374,3375),(3376,3377,3378),(3379,3380,3381),(3382,3383,3384),(3385,3386,3387),(3388,3389,3390),(3391,3392,3393),(3394,3395,3396),(3397,3398,3399),(3400,3401,3402),(3403,3404,3405),(3406,3407,3408),(3409,3410,3411),(3412,3413,3414),(3415,3416,3417),(3418,3419,3420),(3421,3422,3423),(3424,3425,3426),(3427,3428,3429),(3430,3431,3432),(3433,3434,3435),(3436,3437,3438),(3439,3440,3441),(3442,3443,3444),(3445,3446,3447),(3448,3449,3450),(3451,3452,3453),(3454,3455,3456),(3457,3458,3459),(3460,3461,3462),(3463,3464,3465),(3466,3467,3468),(3469,3470,3471),(3472,3473,3474),(3475,3476,3477),(3478,3479,3480),(3481,3482,3483),(3484,3485,3486),(3487,3488,3489),(3490,3491,3492),(3493,3494,3495),(3496,3497,3498),(3499,3500,3501),(3502,3503,3504),(3505,3506,3507),(3508,3509,3510),(3511,3512,3513),(3514,3515,3516),(3517,3518,3519),(3520,3521,3522),(3523,3524,3525),(3526,3527,3528),(3529,3530,3531),(3532,3533,3534),(3535,3536,3537),(3538,3539,3540),(3541,3542,3543),(3544,3545,3546),(3547,3548,3549),(3550,3551,3552),(3553,3554,3555),(3556,3557,3558),(3559,3560,3561),(3562,3563,3564),(3565,3566,3567),(3568,3569,3570),(3571,3572,3573),(3574,3575,3576),(3577,3578,3579),(3580,3581,3582),(3583,3584,3585),(3586,3587,3588),(3589,3590,3591),(3592,3593,3594),(3595,3596,3597),(3598,3599,3600),(3601,3602,3603),(3604,3605,3606),(3607,3608,3609),(3610,3611,3612),(3613,3614,3615),(3616,3617,3618),(3619,3620,3621),(3622,3623,3624),(3625,3626,3627),(3628,3629,3630),(3631,3632,3633),(3634,3635,3636),(3637,3638,3639),(3640,3641,3642),(3643,3644,3645),(3646,3647,3648),(3649,3650,3651),(3652,3653,3654),(3655,3656,3657),(3658,3659,3660),(3661,3662,3663),(3664,3665,3666),(3667,3668,3669),(3670,3671,3672),(3673,3674,3675),(3676,3677,3678),(3679,3680,3681),(3682,3683,3684),(3685,3686,3687),(3688,3689,3690),(3691,3692,3693),(3694,3695,3696),(3697,3698,3699),(3700,3701,3702),(3703,3704,3705),(3706,3707,3708),(3709,3710,3711),(3712,3713,3714),(3715,3716,3717),(3718,3719,3720),(3721,3722,3723),(3724,3725,3726),(3727,3728,3729),(3730,3731,3732),(3733,3734,3735),(3736,3737,3738),(3739,3740,3741),(3742,3743,3744),(3745,3746,3747),(3748,3749,3750),(3751,3752,3753),(3754,3755,3756),(3757,3758,3759),(3760,3761,3762),(3763,3764,3765),(3766,3767,3768),(3769,3770,3771),(3772,3773,3774),(3775,3776,3777),(3778,3779,3780),(3781,3782,3783),(3784,3785,3786),(3787,3788,3789),(3790,3791,3792),(3793,3794,3795),(3796,3797,3798),(3799,3800,3801),(3802,3803,3804),(3805,3806,3807),(3808,3809,3810),(3811,3812,3813),(3814,3815,3816),(3817,3818,3819),(3820,3821,3822),(3823,3824,3825),(3826,3827,3828),(3829,3830,3831),(3832,3833,3834),(3835,3836,3837),(3838,3839,3840),(3841,3842,3843),(3844,3845,3846),(3847,3848,3849),(3850,3851,3852),(3853,3854,3855),(3856,3857,3858),(3859,3860,3861),(3862,3863,3864),(3865,3866,3867),(3868,3869,3870),(3871,3872,3873),(3874,3875,3876),(3877,3878,3879),(3880,3881,3882),(3883,3884,3885),(3886,3887,3888),(3889,3890,3891),(3892,3893,3894),(3895,3896,3897),(3898,3899,3900),(3901,3902,3903),(3904,3905,3906),(3907,3908,3909),(3910,3911,3912),(3913,3914,3915),(3916,3917,3918),(3919,3920,3921),(3922,3923,3924),(3925,3926,3927),(3928,3929,3930),(3931,3932,3933),(3934,3935,3936),(3937,3938,3939),(3940,3941,3942),(3943,3944,3945),(3946,3947,3948),(3949,3950,3951),(3952,3953,3954),(3955,3956,3957),(3958,3959,3960),(3961,3962,3963),(3964,3965,3966),(3967,3968,3969),(3970,3971,3972),(3973,3974,3975),(3976,3977,3978),(3979,3980,3981),(3982,3983,3984),(3985,3986,3987),(3988,3989,3990),(3991,3992,3993),(3994,3995,3996),(3997,3998,3999),(4000,4001,4002),(4003,4004,4005),(4006,4007,4008),(4009,4010,4011),(4012,4013,4014),(4015,4016,4017),(4018,4019,4020),(4021,4022,4023),(4024,4025,4026),(4027,4028,4029),(4030,4031,4032),(4033,4034,4035),(4036,4037,4038),(4039,4040,4041),(4042,4043,4044),(4045,4046,4047),(4048,4049,4050),(4051,4052,4053),(4054,4055,4056),(4057,4058,4059),(4060,4061,4062),(4063,4064,4065),(4066,4067,4068),(4069,4070,4071),(4072,4073,4074),(4075,4076,4077),(4078,4079,4080),(4081,4082,4083),(4084,4085,4086),(4087,4088,4089),(4090,4091,4092),(4093,4094,4095),(4096,4097,4098),(4099,4100,4101),(4102,4103,4104),(4105,4106,4107),(4108,4109,4110),(4111,4112,4113),(4114,4115,4116),(4117,4118,4119),(4120,4121,4122),(4123,4124,4125),(4126,4127,4128),(4129,4130,4131),(4132,4133,4134),(4135,4136,4137),(4138,4139,4140),(4141,4142,4143),(4144,4145,4146),(4147,4148,4149),(4150,4151,4152),(4153,4154,4155),(4156,4157,4158),(4159,4160,4161),(4162,4163,4164),(4165,4166,4167),(4168,4169,4170),(4171,4172,4173),(4174,4175,4176),(4177,4178,4179),(4180,4181,4182),(4183,4184,4185),(4186,4187,4188),(4189,4190,4191),(4192,4193,4194),(4195,4196,4197),(4198,4199,4200),(4201,4202,4203),(4204,4205,4206),(4207,4208,4209),(4210,4211,4212),(4213,4214,4215),(4216,4217,4218),(4219,4220,4221),(4222,4223,4224),(4225,4226,4227),(4228,4229,4230),(4231,4232,4233),(4234,4235,4236),(4237,4238,4239),(4240,4241,4242),(4243,4244,4245),(4246,4247,4248),(4249,4250,4251),(4252,4253,4254),(4255,4256,4257),(4258,4259,4260),(4261,4262,4263),(4264,4265,4266),(4267,4268,4269),(4270,4271,4272),(4273,4274,4275),(4276,4277,4278),(4279,4280,4281),(4282,4283,4284),(4285,4286,4287),(4288,4289,4290),(4291,4292,4293),(4294,4295,4296),(4297,4298,4299),(4300,4301,4302),(4303,4304,4305),(4306,4307,4308),(4309,4310,4311),(4312,4313,4314),(4315,4316,4317),(4318,4319,4320),(4321,4322,4323),(4324,4325,4326),(4327,4328,4329),(4330,4331,4332),(4333,4334,4335),(4336,4337,4338),(4339,4340,4341),(4342,4343,4344),(4345,4346,4347),(4348,4349,4350),(4351,4352,4353),(4354,4355,4356)));
#1920=TESSELLATED_GEOMETRIC_SET('hole callout',(#1919));
#1921=COORDINATES_LIST('coordinates',5,((0.0241213,-0.0015000,0.0191213),(0.0553259,-0.0015000,0.0191213),(0.0101213,-0.0015000,0.0101213),(0.0191213,-0.0015000,0.0191213),(0.0241213,-0.0015000,0.0191213)));
#1922=TESSELLATED_CURVE_SET('curve set',#1921,((1,2),(3,4,5)));
#1923=TESSELLATED_GEOMETRIC_SET('hole callout',(#1922));
#1924=TESSELLATED_ANNOTATION_OCCURRENCE('hole callout',(#1917),#1920);
#1925=TESSELLATED_ANNOTATION_OCCURRENCE('hole callout',(#1917),#1923);
#1926=DRAUGHTING_CALLOUT('hole callout',(#1924,#1925));
#1927=DRAUGHTING_MODEL_ITEM_ASSOCIATION('','',#1868,#1913,#1926);
#1928=DRAUGHTING_MODEL_ITEM_ASSOCIATION('','',#1876,#1913,#1926);
#1929=DRAUGHTING_MODEL_ITEM_ASSOCIATION('','',#1884,#1913,#1926);
#1930=DRAUGHTING_MODEL_ITEM_ASSOCIATION('','',#1843,#1913,#1926);
ENDSEC;
END-ISO-10303-21;
